code,name,faculty,facultyCode,url
AIM111,"Academic information management 111",Engineering, Built Environment and IT,EBIT,https://www.up.ac.za/yearbooks/2026/EBIT-faculty/UG-modules/view/AIM%20111
AIM121,"Academic information management 121",Engineering, Built Environment and IT,EBIT,https://www.up.ac.za/yearbooks/2026/EBIT-faculty/UG-modules/view/AIM%20121
UPO102,"Academic orientation 102",Natural and Agricultural Sciences,SCI,https://www.up.ac.za/yearbooks/2026/SCI-faculty/UG-modules/view/UPO%20102
IAS111,"Actuarial and Financial Mathematics in practice 111",Natural and Agricultural Sciences,SCI,https://www.up.ac.za/yearbooks/2026/SCI-faculty/UG-modules/view/IAS%20111
IAS121,"Actuarial and Financial Mathematics in practice 121",Natural and Agricultural Sciences,SCI,https://www.up.ac.za/yearbooks/2026/SCI-faculty/UG-modules/view/IAS%20121
WST322,"Actuarial statistics 322",Economic and Management Sciences,EMS,https://www.up.ac.za/yearbooks/2026/EMS-faculty/UG-modules/view/WST%20322
FST362,"Advanced animal and plant foods microbiology 362",Natural and Agricultural Sciences,SCI,https://www.up.ac.za/yearbooks/2026/SCI-faculty/UG-modules/view/FST%20362
FNH420,"Advanced food, nutrition and health 420",Natural and Agricultural Sciences,SCI,https://www.up.ac.za/yearbooks/2026/SCI-faculty/UG-modules/view/FNH%20420
GLY368,"Advanced Geological field mapping 368",Natural and Agricultural Sciences,SCI,https://www.up.ac.za/yearbooks/2026/SCI-faculty/UG-modules/view/GLY%20368
HNT411,"Advanced human nutrition 411",Health Sciences,MED,https://www.up.ac.za/yearbooks/2026/MED-faculty/UG-modules/view/HNT%20411
APL120,"Advanced introduction to social anthropology 120",Humanities,HUM,https://www.up.ac.za/yearbooks/2026/HUM-faculty/UG-modules/view/APL%20120
WDE450,"Advanced pasture science 450",Natural and Agricultural Sciences,SCI,https://www.up.ac.za/yearbooks/2026/SCI-faculty/UG-modules/view/WDE%20450
EST121,"Aesthetics 121",Natural and Agricultural Sciences,SCI,https://www.up.ac.za/yearbooks/2026/SCI-faculty/UG-modules/view/EST%20121
EST320,"Aesthetics: Product, consumer and environment 320",Natural and Agricultural Sciences,SCI,https://www.up.ac.za/yearbooks/2026/SCI-faculty/UG-modules/view/EST%20320
ZEN261,"African vertebrates 261",Natural and Agricultural Sciences,SCI,https://www.up.ac.za/yearbooks/2026/SCI-faculty/UG-modules/view/ZEN%20261
ARD485,"Agricultural and rural development principles 485",Natural and Agricultural Sciences,SCI,https://www.up.ac.za/yearbooks/2026/SCI-faculty/UG-modules/view/ARD%20485
LEK220,"Agricultural economics 220",Natural and Agricultural Sciences,SCI,https://www.up.ac.za/yearbooks/2026/SCI-faculty/UG-modules/view/LEK%20220
LEK310,"Agricultural economics 310",Natural and Agricultural Sciences,SCI,https://www.up.ac.za/yearbooks/2026/SCI-faculty/UG-modules/view/LEK%20310
LEK320,"Agricultural economics 320",Natural and Agricultural Sciences,SCI,https://www.up.ac.za/yearbooks/2026/SCI-faculty/UG-modules/view/LEK%20320
LEK415,"Agricultural economics 415",Natural and Agricultural Sciences,SCI,https://www.up.ac.za/yearbooks/2026/SCI-faculty/UG-modules/view/LEK%20415
LEK432,"Agricultural economics 432",Natural and Agricultural Sciences,SCI,https://www.up.ac.za/yearbooks/2026/SCI-faculty/UG-modules/view/LEK%20432
LEK431,"Agricultural market and price analysis 431",Natural and Agricultural Sciences,SCI,https://www.up.ac.za/yearbooks/2026/SCI-faculty/UG-modules/view/LEK%20431
LEK464,"Agricultural marketing 464",Natural and Agricultural Sciences,SCI,https://www.up.ac.za/yearbooks/2026/SCI-faculty/UG-modules/view/LEK%20464
WTW381,"Algebra 381",Natural and Agricultural Sciences,SCI,https://www.up.ac.za/yearbooks/2026/SCI-faculty/UG-modules/view/WTW%20381
WTW220,"Analysis 220",Natural and Agricultural Sciences,SCI,https://www.up.ac.za/yearbooks/2026/SCI-faculty/UG-modules/view/WTW%20220
WTW310,"Analysis 310",Natural and Agricultural Sciences,SCI,https://www.up.ac.za/yearbooks/2026/SCI-faculty/UG-modules/view/WTW%20310
CMY283,"Analytical chemistry 283",Natural and Agricultural Sciences,SCI,https://www.up.ac.za/yearbooks/2026/SCI-faculty/UG-modules/view/CMY%20283
CMY383,"Analytical chemistry 383",Natural and Agricultural Sciences,SCI,https://www.up.ac.za/yearbooks/2026/SCI-faculty/UG-modules/view/CMY%20383
DAF210,"Animal anatomy and physiology 210",Natural and Agricultural Sciences,SCI,https://www.up.ac.za/yearbooks/2026/SCI-faculty/UG-modules/view/DAF%20210
DAF220,"Animal anatomy and physiology 220",Natural and Agricultural Sciences,SCI,https://www.up.ac.za/yearbooks/2026/SCI-faculty/UG-modules/view/DAF%20220
TLR320,"Animal breeding 320",Natural and Agricultural Sciences,SCI,https://www.up.ac.za/yearbooks/2026/SCI-faculty/UG-modules/view/TLR%20320
TLR411,"Animal breeding 411",Natural and Agricultural Sciences,SCI,https://www.up.ac.za/yearbooks/2026/SCI-faculty/UG-modules/view/TLR%20411
ZEN161,"Animal diversity 161",Natural and Agricultural Sciences,SCI,https://www.up.ac.za/yearbooks/2026/SCI-faculty/UG-modules/view/ZEN%20161
FST361,"Animal food science 361",Natural and Agricultural Sciences,SCI,https://www.up.ac.za/yearbooks/2026/SCI-faculty/UG-modules/view/FST%20361
DFS311,"Animal physiology 311",Natural and Agricultural Sciences,SCI,https://www.up.ac.za/yearbooks/2026/SCI-faculty/UG-modules/view/DFS%20311
VKU250,"Animal science 250",Natural and Agricultural Sciences,SCI,https://www.up.ac.za/yearbooks/2026/SCI-faculty/UG-modules/view/VKU%20250
VKU260,"Animal science 260",Natural and Agricultural Sciences,SCI,https://www.up.ac.za/yearbooks/2026/SCI-faculty/UG-modules/view/VKU%20260
APL220,"Anthropology 220",Humanities,HUM,https://www.up.ac.za/yearbooks/2026/HUM-faculty/UG-modules/view/APL%20220
APL320,"Anthropology 320",Humanities,HUM,https://www.up.ac.za/yearbooks/2026/HUM-faculty/UG-modules/view/APL%20320
WST212,"Applications in data science 212",Economic and Management Sciences,EMS,https://www.up.ac.za/yearbooks/2026/EMS-faculty/UG-modules/view/WST%20212
FLG332,"Applied and pathophysiology 332",Natural and Agricultural Sciences,MED,https://www.up.ac.za/yearbooks/2026/MED-faculty/UG-modules/view/FLG%20332
ZEN365,"Applied entomology 365",Natural and Agricultural Sciences,SCI,https://www.up.ac.za/yearbooks/2026/SCI-faculty/UG-modules/view/ZEN%20365
GGY363,"Applied geomorphology 363",Natural and Agricultural Sciences,SCI,https://www.up.ac.za/yearbooks/2026/SCI-faculty/UG-modules/view/GGY%20363
COS314,"Artificial intelligence 314",Engineering, Built Environment and IT,EBIT,https://www.up.ac.za/yearbooks/2026/EBIT-faculty/UG-modules/view/COS%20314
GGY156,"Aspects of human geography 156",Natural and Agricultural Sciences,SCI,https://www.up.ac.za/yearbooks/2026/SCI-faculty/UG-modules/view/GGY%20156
PHY210,"Astronomy for physicists 210",Natural and Agricultural Sciences,SCI,https://www.up.ac.za/yearbooks/2026/SCI-faculty/UG-modules/view/PHY%20210
WKD155,"Atmospheric structure and processes 155",Natural and Agricultural Sciences,SCI,https://www.up.ac.za/yearbooks/2026/SCI-faculty/UG-modules/view/WKD%20155
MBY355,"Bacterial genetics 355",Natural and Agricultural Sciences,SCI,https://www.up.ac.za/yearbooks/2026/SCI-faculty/UG-modules/view/MBY%20355
MBY251,"Bacteriology 251",Natural and Agricultural Sciences,SCI,https://www.up.ac.za/yearbooks/2026/SCI-faculty/UG-modules/view/MBY%20251
VDS111,"Basic food preparation 111",Natural and Agricultural Sciences,SCI,https://www.up.ac.za/yearbooks/2026/SCI-faculty/UG-modules/view/VDS%20111
VDS121,"Basic food preparation 121",Natural and Agricultural Sciences,SCI,https://www.up.ac.za/yearbooks/2026/SCI-faculty/UG-modules/view/VDS%20121
ANA126,"Basic human histology 126",Natural and Agricultural Sciences,MED,https://www.up.ac.za/yearbooks/2026/MED-faculty/UG-modules/view/ANA%20126
BMN420,"Beef management and nutrition 420",Natural and Agricultural Sciences,SCI,https://www.up.ac.za/yearbooks/2026/SCI-faculty/UG-modules/view/BMN%20420
ZEN363,"Behavioural ecology 363",Natural and Agricultural Sciences,SCI,https://www.up.ac.za/yearbooks/2026/SCI-faculty/UG-modules/view/ZEN%20363
BCM357,"Biocatalysis and integration of metabolism 357",Natural and Agricultural Sciences,SCI,https://www.up.ac.za/yearbooks/2026/SCI-faculty/UG-modules/view/BCM%20357
BME120,"Biometry 120",Economic and Management Sciences,EMS,https://www.up.ac.za/yearbooks/2026/EMS-faculty/UG-modules/view/BME%20120
BME210,"Biometry 210",Economic and Management Sciences,EMS,https://www.up.ac.za/yearbooks/2026/EMS-faculty/UG-modules/view/BME%20210
BER210,"Business law 210",Law,LAW,https://www.up.ac.za/yearbooks/2026/LAW-faculty/UG-modules/view/BER%20210
BER220,"Business law 220",Law,LAW,https://www.up.ac.za/yearbooks/2026/LAW-faculty/UG-modules/view/BER%20220
OBS114,"Business management 114",Economic and Management Sciences,EMS,https://www.up.ac.za/yearbooks/2026/EMS-faculty/UG-modules/view/OBS%20114
OBS124,"Business management 124",Economic and Management Sciences,EMS,https://www.up.ac.za/yearbooks/2026/EMS-faculty/UG-modules/view/OBS%20124
OBS210,"Business management 210",Economic and Management Sciences,EMS,https://www.up.ac.za/yearbooks/2026/EMS-faculty/UG-modules/view/OBS%20210
OBS220,"Business management 220",Economic and Management Sciences,EMS,https://www.up.ac.za/yearbooks/2026/EMS-faculty/UG-modules/view/OBS%20220
WTW114,"Calculus 114",Natural and Agricultural Sciences,SCI,https://www.up.ac.za/yearbooks/2026/SCI-faculty/UG-modules/view/WTW%20114
WTW148,"Calculus 148",Natural and Agricultural Sciences,SCI,https://www.up.ac.za/yearbooks/2026/SCI-faculty/UG-modules/view/WTW%20148
WTW218,"Calculus 218",Natural and Agricultural Sciences,SCI,https://www.up.ac.za/yearbooks/2026/SCI-faculty/UG-modules/view/WTW%20218
BCM252,"Carbohydrate metabolism 252",Natural and Agricultural Sciences,SCI,https://www.up.ac.za/yearbooks/2026/SCI-faculty/UG-modules/view/BCM%20252
GMC110,"Cartography 110",Natural and Agricultural Sciences,SCI,https://www.up.ac.za/yearbooks/2026/SCI-faculty/UG-modules/view/GMC%20110
ANA316,"Cell and tissue techniques 316",Natural and Agricultural Sciences,MED,https://www.up.ac.za/yearbooks/2026/MED-faculty/UG-modules/view/ANA%20316
BCM367,"Cell structure and function 367",Natural and Agricultural Sciences,SCI,https://www.up.ac.za/yearbooks/2026/SCI-faculty/UG-modules/view/BCM%20367
FLG330,"Cellular and developmental physiology 330",Natural and Agricultural Sciences,MED,https://www.up.ac.za/yearbooks/2026/MED-faculty/UG-modules/view/FLG%20330
FLG212,"Circulatory physiology 212",Natural and Agricultural Sciences,MED,https://www.up.ac.za/yearbooks/2026/MED-faculty/UG-modules/view/FLG%20212
GGY201,"City, structure, environment and society 201",Natural and Agricultural Sciences,SCI,https://www.up.ac.za/yearbooks/2026/SCI-faculty/UG-modules/view/GGY%20201
KLD420,"Clothing merchandising 420",Natural and Agricultural Sciences,SCI,https://www.up.ac.za/yearbooks/2026/SCI-faculty/UG-modules/view/KLD%20420
KLR321,"Clothing production 321",Natural and Agricultural Sciences,SCI,https://www.up.ac.za/yearbooks/2026/SCI-faculty/UG-modules/view/KLR%20321
KLR120,"Clothing production: processes 120",Natural and Agricultural Sciences,SCI,https://www.up.ac.za/yearbooks/2026/SCI-faculty/UG-modules/view/KLR%20120
KLR110,"Clothing production: sewing techniques 110",Natural and Agricultural Sciences,SCI,https://www.up.ac.za/yearbooks/2026/SCI-faculty/UG-modules/view/KLR%20110
KLD410,"Clothing retail management 410",Natural and Agricultural Sciences,SCI,https://www.up.ac.za/yearbooks/2026/SCI-faculty/UG-modules/view/KLD%20410
ZEN353,"Community ecology 353",Natural and Agricultural Sciences,SCI,https://www.up.ac.za/yearbooks/2026/SCI-faculty/UG-modules/view/ZEN%20353
EFK220,"Community-based tourism 220",Humanities,HUM,https://www.up.ac.za/yearbooks/2026/HUM-faculty/UG-modules/view/EFK%20220
COS341,"Compiler construction 341",Engineering, Built Environment and IT,EBIT,https://www.up.ac.za/yearbooks/2026/EBIT-faculty/UG-modules/view/COS%20341
WTW320,"Complex analysis 320",Natural and Agricultural Sciences,SCI,https://www.up.ac.za/yearbooks/2026/SCI-faculty/UG-modules/view/WTW%20320
COS344,"Computer graphics 344",Engineering, Built Environment and IT,EBIT,https://www.up.ac.za/yearbooks/2026/EBIT-faculty/UG-modules/view/COS%20344
COS332,"Computer networks 332",Engineering, Built Environment and IT,EBIT,https://www.up.ac.za/yearbooks/2026/EBIT-faculty/UG-modules/view/COS%20332
COS284,"Computer organisation and architecture  284",Engineering, Built Environment and IT,EBIT,https://www.up.ac.za/yearbooks/2026/EBIT-faculty/UG-modules/view/COS%20284
COS330,"Computer security and ethics 330",Engineering, Built Environment and IT,EBIT,https://www.up.ac.za/yearbooks/2026/EBIT-faculty/UG-modules/view/COS%20330
COS226,"Concurrent systems 226",Engineering, Built Environment and IT,EBIT,https://www.up.ac.za/yearbooks/2026/EBIT-faculty/UG-modules/view/COS%20226
ZEN364,"Conservation ecology 364",Natural and Agricultural Sciences,SCI,https://www.up.ac.za/yearbooks/2026/SCI-faculty/UG-modules/view/ZEN%20364
VDS417,"Consumer aspects of food 417",Natural and Agricultural Sciences,SCI,https://www.up.ac.za/yearbooks/2026/SCI-faculty/UG-modules/view/VDS%20417
BEM212,"Consumer behaviour 212",Economic and Management Sciences,EMS,https://www.up.ac.za/yearbooks/2026/EMS-faculty/UG-modules/view/BEM%20212
VBF222,"Consumer facilitation  222",Natural and Agricultural Sciences,SCI,https://www.up.ac.za/yearbooks/2026/SCI-faculty/UG-modules/view/VBF%20222
IAS221,"Contingencies 221",Natural and Agricultural Sciences,SCI,https://www.up.ac.za/yearbooks/2026/SCI-faculty/UG-modules/view/IAS%20221
IAS353,"Contingencies 353",Natural and Agricultural Sciences,SCI,https://www.up.ac.za/yearbooks/2026/SCI-faculty/UG-modules/view/IAS%20353
WTW387,"Continuum mechanics 387",Natural and Agricultural Sciences,SCI,https://www.up.ac.za/yearbooks/2026/SCI-faculty/UG-modules/view/WTW%20387
KLD210,"Costume and fashion history 210",Natural and Agricultural Sciences,SCI,https://www.up.ac.za/yearbooks/2026/SCI-faculty/UG-modules/view/KLD%20210
APS461,"Crop physiology 461",Natural and Agricultural Sciences,SCI,https://www.up.ac.za/yearbooks/2026/SCI-faculty/UG-modules/view/APS%20461
VDS402,"Culinary science project 402",Natural and Agricultural Sciences,SCI,https://www.up.ac.za/yearbooks/2026/SCI-faculty/UG-modules/view/VDS%20402
VDS300,"Culinary skills 300",Natural and Agricultural Sciences,SCI,https://www.up.ac.za/yearbooks/2026/SCI-faculty/UG-modules/view/VDS%20300
VDS301,"Culinary skills 301",Natural and Agricultural Sciences,SCI,https://www.up.ac.za/yearbooks/2026/SCI-faculty/UG-modules/view/VDS%20301
EFK320,"Current discourses in tourism 320",Humanities,HUM,https://www.up.ac.za/yearbooks/2026/HUM-faculty/UG-modules/view/EFK%20320
DMN410,"Dairy management and nutrition 410",Natural and Agricultural Sciences,SCI,https://www.up.ac.za/yearbooks/2026/SCI-faculty/UG-modules/view/DMN%20410
COS212,"Data structures and algorithms 212",Engineering, Built Environment and IT,EBIT,https://www.up.ac.za/yearbooks/2026/EBIT-faculty/UG-modules/view/COS%20212
COS326,"Database systems 326",Engineering, Built Environment and IT,EBIT,https://www.up.ac.za/yearbooks/2026/EBIT-faculty/UG-modules/view/COS%20326
APL310,"Decoloniality, Anthropology and Africa 310",Humanities,HUM,https://www.up.ac.za/yearbooks/2026/HUM-faculty/UG-modules/view/APL%20310
OBG111,"Design principles 111",Natural and Agricultural Sciences,SCI,https://www.up.ac.za/yearbooks/2026/SCI-faculty/UG-modules/view/OBG%20111
EKN315,"Development economics 315",Economic and Management Sciences,EMS,https://www.up.ac.za/yearbooks/2026/EMS-faculty/UG-modules/view/EKN%20315
WTW256,"Differential equations 256",Natural and Agricultural Sciences,SCI,https://www.up.ac.za/yearbooks/2026/SCI-faculty/UG-modules/view/WTW%20256
WTW264,"Differential equations 264",Natural and Agricultural Sciences,SCI,https://www.up.ac.za/yearbooks/2026/SCI-faculty/UG-modules/view/WTW%20264
WTW286,"Differential equations 286",Natural and Agricultural Sciences,SCI,https://www.up.ac.za/yearbooks/2026/SCI-faculty/UG-modules/view/WTW%20286
FLG222,"Digestion, endocrinology and reproductive systems 222",Natural and Agricultural Sciences,MED,https://www.up.ac.za/yearbooks/2026/MED-faculty/UG-modules/view/FLG%20222
BEM231,"Digital marketing 231",Economic and Management Sciences,EMS,https://www.up.ac.za/yearbooks/2026/EMS-faculty/UG-modules/view/BEM%20231
WTW115,"Discrete structures 115",Natural and Agricultural Sciences,SCI,https://www.up.ac.za/yearbooks/2026/SCI-faculty/UG-modules/view/WTW%20115
WTW285,"Discrete structures 285",Natural and Agricultural Sciences,SCI,https://www.up.ac.za/yearbooks/2026/SCI-faculty/UG-modules/view/WTW%20285
WKD370,"Dynamic meteorology 370",Natural and Agricultural Sciences,SCI,https://www.up.ac.za/yearbooks/2026/SCI-faculty/UG-modules/view/WKD%20370
WTW162,"Dynamical processes 162",Natural and Agricultural Sciences,SCI,https://www.up.ac.za/yearbooks/2026/SCI-faculty/UG-modules/view/WTW%20162
WTW382,"Dynamical systems 382",Natural and Agricultural Sciences,SCI,https://www.up.ac.za/yearbooks/2026/SCI-faculty/UG-modules/view/WTW%20382
GLY163,"Earth history 163",Natural and Agricultural Sciences,SCI,https://www.up.ac.za/yearbooks/2026/SCI-faculty/UG-modules/view/GLY%20163
GLY367,"Economic geology 367",Natural and Agricultural Sciences,SCI,https://www.up.ac.za/yearbooks/2026/SCI-faculty/UG-modules/view/GLY%20367
EKN110,"Economics 110",Economic and Management Sciences,EMS,https://www.up.ac.za/yearbooks/2026/EMS-faculty/UG-modules/view/EKN%20110
EKN120,"Economics 120",Economic and Management Sciences,EMS,https://www.up.ac.za/yearbooks/2026/EMS-faculty/UG-modules/view/EKN%20120
EKN214,"Economics 214",Economic and Management Sciences,EMS,https://www.up.ac.za/yearbooks/2026/EMS-faculty/UG-modules/view/EKN%20214
EKN224,"Economics 224",Economic and Management Sciences,EMS,https://www.up.ac.za/yearbooks/2026/EMS-faculty/UG-modules/view/EKN%20224
EKN234,"Economics 234",Economic and Management Sciences,EMS,https://www.up.ac.za/yearbooks/2026/EMS-faculty/UG-modules/view/EKN%20234
EKN244,"Economics 244",Economic and Management Sciences,EMS,https://www.up.ac.za/yearbooks/2026/EMS-faculty/UG-modules/view/EKN%20244
EKN310,"Economics 310",Economic and Management Sciences,EMS,https://www.up.ac.za/yearbooks/2026/EMS-faculty/UG-modules/view/EKN%20310
EKN320,"Economics 320",Economic and Management Sciences,EMS,https://www.up.ac.za/yearbooks/2026/EMS-faculty/UG-modules/view/EKN%20320
EKN325,"Economics 325",Economic and Management Sciences,EMS,https://www.up.ac.za/yearbooks/2026/EMS-faculty/UG-modules/view/EKN%20325
PHY356,"Electronics, electromagnetism and quantum mechanics 356",Natural and Agricultural Sciences,SCI,https://www.up.ac.za/yearbooks/2026/SCI-faculty/UG-modules/view/PHY%20356
GLY369,"Engineering geology and rock mechanics 369",Natural and Agricultural Sciences,SCI,https://www.up.ac.za/yearbooks/2026/SCI-faculty/UG-modules/view/GLY%20369
GLY372,"Engineering geology applications 372",Natural and Agricultural Sciences,SCI,https://www.up.ac.za/yearbooks/2026/SCI-faculty/UG-modules/view/GLY%20372
LKM450,"Environmental biophysics 450",Natural and Agricultural Sciences,SCI,https://www.up.ac.za/yearbooks/2026/SCI-faculty/UG-modules/view/LKM%20450
GGY361,"Environmental geomorphology 361",Natural and Agricultural Sciences,SCI,https://www.up.ac.za/yearbooks/2026/SCI-faculty/UG-modules/view/GGY%20361
ENV201,"Environmental sciences 201",Natural and Agricultural Sciences,SCI,https://www.up.ac.za/yearbooks/2026/SCI-faculty/UG-modules/view/ENV%20201
GTS351,"Eukaryotic gene control and development 351",Natural and Agricultural Sciences,SCI,https://www.up.ac.za/yearbooks/2026/SCI-faculty/UG-modules/view/GTS%20351
ZEN362,"Evolution and phylogeny 362",Natural and Agricultural Sciences,SCI,https://www.up.ac.za/yearbooks/2026/SCI-faculty/UG-modules/view/ZEN%20362
ZEN354,"Evolutionary physiology 354",Natural and Agricultural Sciences,SCI,https://www.up.ac.za/yearbooks/2026/SCI-faculty/UG-modules/view/ZEN%20354
FLG331,"Exercise and nutrition science 331",Natural and Agricultural Sciences,MED,https://www.up.ac.za/yearbooks/2026/MED-faculty/UG-modules/view/FLG%20331
OPI400,"Experiential training in industry 400",Natural and Agricultural Sciences,SCI,https://www.up.ac.za/yearbooks/2026/SCI-faculty/UG-modules/view/OPI%20400
KTP403,"Experiential training in industry 403",Natural and Agricultural Sciences,SCI,https://www.up.ac.za/yearbooks/2026/SCI-faculty/UG-modules/view/KTP%20403
VDS401,"Experimental foods 401",Natural and Agricultural Sciences,SCI,https://www.up.ac.za/yearbooks/2026/SCI-faculty/UG-modules/view/VDS%20401
SCI154,"Exploring the universe 154",Natural and Agricultural Sciences,SCI,https://www.up.ac.za/yearbooks/2026/SCI-faculty/UG-modules/view/SCI%20154
KLD222,"Fashion forecasting 222",Natural and Agricultural Sciences,SCI,https://www.up.ac.za/yearbooks/2026/SCI-faculty/UG-modules/view/KLD%20222
AGR361,"Field crops 361",Natural and Agricultural Sciences,SCI,https://www.up.ac.za/yearbooks/2026/SCI-faculty/UG-modules/view/AGR%20361
FRK111,"Financial accounting 111",Economic and Management Sciences,EMS,https://www.up.ac.za/yearbooks/2026/EMS-faculty/UG-modules/view/FRK%20111
FRK122,"Financial accounting 122",Economic and Management Sciences,EMS,https://www.up.ac.za/yearbooks/2026/EMS-faculty/UG-modules/view/FRK%20122
WTW354,"Financial engineering 354",Natural and Agricultural Sciences,SCI,https://www.up.ac.za/yearbooks/2026/SCI-faculty/UG-modules/view/WTW%20354
WTW364,"Financial engineering 364",Natural and Agricultural Sciences,SCI,https://www.up.ac.za/yearbooks/2026/SCI-faculty/UG-modules/view/WTW%20364
FBS110,"Financial management 110",Economic and Management Sciences,EMS,https://www.up.ac.za/yearbooks/2026/EMS-faculty/UG-modules/view/FBS%20110
FBS112,"Financial management 112",Economic and Management Sciences,EMS,https://www.up.ac.za/yearbooks/2026/EMS-faculty/UG-modules/view/FBS%20112
FBS122,"Financial management 122",Economic and Management Sciences,EMS,https://www.up.ac.za/yearbooks/2026/EMS-faculty/UG-modules/view/FBS%20122
FBS212,"Financial management 212",Economic and Management Sciences,EMS,https://www.up.ac.za/yearbooks/2026/EMS-faculty/UG-modules/view/FBS%20212
IAS211,"Financial mathematics 211",Natural and Agricultural Sciences,SCI,https://www.up.ac.za/yearbooks/2026/SCI-faculty/UG-modules/view/IAS%20211
IAS282,"Financial mathematics 282",Natural and Agricultural Sciences,SCI,https://www.up.ac.za/yearbooks/2026/SCI-faculty/UG-modules/view/IAS%20282
PHY114,"First course in physics 114",Natural and Agricultural Sciences,SCI,https://www.up.ac.za/yearbooks/2026/SCI-faculty/UG-modules/view/PHY%20114
PHY124,"First course in physics 124",Natural and Agricultural Sciences,SCI,https://www.up.ac.za/yearbooks/2026/SCI-faculty/UG-modules/view/PHY%20124
KLR212,"Flat pattern design 212",Natural and Agricultural Sciences,SCI,https://www.up.ac.za/yearbooks/2026/SCI-faculty/UG-modules/view/KLR%20212
FST352,"Food chemistry (2) 352",Natural and Agricultural Sciences,SCI,https://www.up.ac.za/yearbooks/2026/SCI-faculty/UG-modules/view/FST%20352
FST351,"Food chemistry 351",Natural and Agricultural Sciences,SCI,https://www.up.ac.za/yearbooks/2026/SCI-faculty/UG-modules/view/FST%20351
VDS210,"Food commodities and preparation 210",Natural and Agricultural Sciences,SCI,https://www.up.ac.za/yearbooks/2026/SCI-faculty/UG-modules/view/VDS%20210
VDS221,"Food commodities and preparation 221",Natural and Agricultural Sciences,SCI,https://www.up.ac.za/yearbooks/2026/SCI-faculty/UG-modules/view/VDS%20221
VVW364,"Food composition and applied nutritional programmes 364",Natural and Agricultural Sciences,SCI,https://www.up.ac.za/yearbooks/2026/SCI-faculty/UG-modules/view/VVW%20364
FST353,"Food engineering 353",Natural and Agricultural Sciences,SCI,https://www.up.ac.za/yearbooks/2026/SCI-faculty/UG-modules/view/FST%20353
MBY262,"Food microbiology 262",Natural and Agricultural Sciences,SCI,https://www.up.ac.za/yearbooks/2026/SCI-faculty/UG-modules/view/MBY%20262
VDS427,"Food retailing and visual merchandising of food 427",Natural and Agricultural Sciences,SCI,https://www.up.ac.za/yearbooks/2026/SCI-faculty/UG-modules/view/VDS%20427
VDS354,"Food safety and hygiene 354",Natural and Agricultural Sciences,SCI,https://www.up.ac.za/yearbooks/2026/SCI-faculty/UG-modules/view/VDS%20354
VDB321,"Food service management 321",Natural and Agricultural Sciences,SCI,https://www.up.ac.za/yearbooks/2026/SCI-faculty/UG-modules/view/VDB%20321
VDB420,"Food service management 420",Natural and Agricultural Sciences,SCI,https://www.up.ac.za/yearbooks/2026/SCI-faculty/UG-modules/view/VDB%20420
ANA315,"Forensic anthropology 315",Natural and Agricultural Sciences,MED,https://www.up.ac.za/yearbooks/2026/MED-faculty/UG-modules/view/ANA%20315
BIO137,"Foundational biology 137",Natural and Agricultural Sciences,SCI,https://www.up.ac.za/yearbooks/2026/SCI-faculty/UG-modules/view/BIO%20137
BIO147,"Foundational biology 147",Natural and Agricultural Sciences,SCI,https://www.up.ac.za/yearbooks/2026/SCI-faculty/UG-modules/view/BIO%20147
CMY137,"Foundational chemistry 137",Natural and Agricultural Sciences,SCI,https://www.up.ac.za/yearbooks/2026/SCI-faculty/UG-modules/view/CMY%20137
CMY147,"Foundational chemistry 147",Natural and Agricultural Sciences,SCI,https://www.up.ac.za/yearbooks/2026/SCI-faculty/UG-modules/view/CMY%20147
WTW137,"Foundational mathematics 137",Natural and Agricultural Sciences,SCI,https://www.up.ac.za/yearbooks/2026/SCI-faculty/UG-modules/view/WTW%20137
WTW147,"Foundational mathematics 147",Natural and Agricultural Sciences,SCI,https://www.up.ac.za/yearbooks/2026/SCI-faculty/UG-modules/view/WTW%20147
PHY137,"Foundational physics 137",Natural and Agricultural Sciences,SCI,https://www.up.ac.za/yearbooks/2026/SCI-faculty/UG-modules/view/PHY%20137
PHY147,"Foundational physics 147",Natural and Agricultural Sciences,SCI,https://www.up.ac.za/yearbooks/2026/SCI-faculty/UG-modules/view/PHY%20147
STC137,"Foundational statistics 137",Natural and Agricultural Sciences,SCI,https://www.up.ac.za/yearbooks/2026/SCI-faculty/UG-modules/view/STC%20137
STC147,"Foundational statistics 147",Natural and Agricultural Sciences,SCI,https://www.up.ac.za/yearbooks/2026/SCI-faculty/UG-modules/view/STC%20147
HSC420,"Fruit tree crops 420",Natural and Agricultural Sciences,SCI,https://www.up.ac.za/yearbooks/2026/SCI-faculty/UG-modules/view/HSC%20420
CMY117,"General chemistry 117",Natural and Agricultural Sciences,SCI,https://www.up.ac.za/yearbooks/2026/SCI-faculty/UG-modules/view/CMY%20117
CMY127,"General chemistry 127",Natural and Agricultural Sciences,SCI,https://www.up.ac.za/yearbooks/2026/SCI-faculty/UG-modules/view/CMY%20127
PHY263,"General physics 263",Natural and Agricultural Sciences,SCI,https://www.up.ac.za/yearbooks/2026/SCI-faculty/UG-modules/view/PHY%20263
PLG351,"General plant pathology 351",Natural and Agricultural Sciences,SCI,https://www.up.ac.za/yearbooks/2026/SCI-faculty/UG-modules/view/PLG%20351
GTS261,"Genetic diversity and evolution 261",Natural and Agricultural Sciences,SCI,https://www.up.ac.za/yearbooks/2026/SCI-faculty/UG-modules/view/GTS%20261
MBY364,"Genetic manipulation of microbes 364",Natural and Agricultural Sciences,SCI,https://www.up.ac.za/yearbooks/2026/SCI-faculty/UG-modules/view/MBY%20364
GTS368,"Genetics in human health 368",Natural and Agricultural Sciences,SCI,https://www.up.ac.za/yearbooks/2026/SCI-faculty/UG-modules/view/GTS%20368
GTS354,"Genome evolution and phylogenetics 354",Natural and Agricultural Sciences,SCI,https://www.up.ac.za/yearbooks/2026/SCI-faculty/UG-modules/view/GTS%20354
GIS220,"Geographic data analysis 220",Natural and Agricultural Sciences,SCI,https://www.up.ac.za/yearbooks/2026/SCI-faculty/UG-modules/view/GIS%20220
GIS310,"Geographic information systems 310",Natural and Agricultural Sciences,SCI,https://www.up.ac.za/yearbooks/2026/SCI-faculty/UG-modules/view/GIS%20310
GIS221,"Geographic information systems introduction 221",Natural and Agricultural Sciences,SCI,https://www.up.ac.za/yearbooks/2026/SCI-faculty/UG-modules/view/GIS%20221
GIS311,"Geoinformatics 311",Natural and Agricultural Sciences,SCI,https://www.up.ac.za/yearbooks/2026/SCI-faculty/UG-modules/view/GIS%20311
GMT320,"Geoinformatics project 320",Natural and Agricultural Sciences,SCI,https://www.up.ac.za/yearbooks/2026/SCI-faculty/UG-modules/view/GMT%20320
GLY266,"Geological field mapping 266",Natural and Agricultural Sciences,SCI,https://www.up.ac.za/yearbooks/2026/SCI-faculty/UG-modules/view/GLY%20266
GMC310,"Geometrical and space geodesy 310",Natural and Agricultural Sciences,SCI,https://www.up.ac.za/yearbooks/2026/SCI-faculty/UG-modules/view/GMC%20310
WTW389,"Geometry 389",Natural and Agricultural Sciences,SCI,https://www.up.ac.za/yearbooks/2026/SCI-faculty/UG-modules/view/WTW%20389
GGY265,"Geomorphology of the built environment 265",Natural and Agricultural Sciences,SCI,https://www.up.ac.za/yearbooks/2026/SCI-faculty/UG-modules/view/GGY%20265
DFS320,"Growth physiology 320",Natural and Agricultural Sciences,SCI,https://www.up.ac.za/yearbooks/2026/SCI-faculty/UG-modules/view/DFS%20320
EFK120,"Heritage tourism management 120",Humanities,HUM,https://www.up.ac.za/yearbooks/2026/HUM-faculty/UG-modules/view/EFK%20120
FLG327,"Higher neurological functions 327",Natural and Agricultural Sciences,MED,https://www.up.ac.za/yearbooks/2026/MED-faculty/UG-modules/view/FLG%20327
VHM410,"Hospitality management 410",Natural and Agricultural Sciences,SCI,https://www.up.ac.za/yearbooks/2026/SCI-faculty/UG-modules/view/VHM%20410
ANA247,"Human anatomy Part 1 247",Natural and Agricultural Sciences,MED,https://www.up.ac.za/yearbooks/2026/MED-faculty/UG-modules/view/ANA%20247
ANA347,"Human anatomy Part 2 347",Natural and Agricultural Sciences,MED,https://www.up.ac.za/yearbooks/2026/MED-faculty/UG-modules/view/ANA%20347
ANA214,"Human cell and developmental biology 214",Natural and Agricultural Sciences,MED,https://www.up.ac.za/yearbooks/2026/MED-faculty/UG-modules/view/ANA%20214
ANA324,"Human cell and developmental biology 324",Natural and Agricultural Sciences,MED,https://www.up.ac.za/yearbooks/2026/MED-faculty/UG-modules/view/ANA%20324
ENV301,"Human environmental interactions 301",Natural and Agricultural Sciences,SCI,https://www.up.ac.za/yearbooks/2026/SCI-faculty/UG-modules/view/ENV%20301
ANA226,"Human histology 226",Natural and Agricultural Sciences,MED,https://www.up.ac.za/yearbooks/2026/MED-faculty/UG-modules/view/ANA%20226
HNT210,"Human nutrition 210",Health Sciences,MED,https://www.up.ac.za/yearbooks/2026/MED-faculty/UG-modules/view/HNT%20210
HNT220,"Human nutrition 220",Health Sciences,MED,https://www.up.ac.za/yearbooks/2026/MED-faculty/UG-modules/view/HNT%20220
ANA122,"Human osteology 122",Natural and Agricultural Sciences,MED,https://www.up.ac.za/yearbooks/2026/MED-faculty/UG-modules/view/ANA%20122
GLY263,"Igneous and metamorphic petrology 263",Natural and Agricultural Sciences,SCI,https://www.up.ac.za/yearbooks/2026/SCI-faculty/UG-modules/view/GLY%20263
COS132,"Imperative programming 132",Engineering, Built Environment and IT,EBIT,https://www.up.ac.za/yearbooks/2026/EBIT-faculty/UG-modules/view/COS%20132
FLG322,"Industrial physiology 322",Natural and Agricultural Sciences,MED,https://www.up.ac.za/yearbooks/2026/MED-faculty/UG-modules/view/FLG%20322
INF112,"Informatics 112",Economic and Management Sciences,EMS,https://www.up.ac.za/yearbooks/2026/EMS-faculty/UG-modules/view/INF%20112
INF154,"Informatics 154",Economic and Management Sciences,EMS,https://www.up.ac.za/yearbooks/2026/EMS-faculty/UG-modules/view/INF%20154
INF164,"Informatics 164",Economic and Management Sciences,EMS,https://www.up.ac.za/yearbooks/2026/EMS-faculty/UG-modules/view/INF%20164
INF171,"Informatics 171",Economic and Management Sciences,EMS,https://www.up.ac.za/yearbooks/2026/EMS-faculty/UG-modules/view/INF%20171
INF183,"Informatics 183",Economic and Management Sciences,EMS,https://www.up.ac.za/yearbooks/2026/EMS-faculty/UG-modules/view/INF%20183
INF214,"Informatics 214",Economic and Management Sciences,EMS,https://www.up.ac.za/yearbooks/2026/EMS-faculty/UG-modules/view/INF%20214
INF225,"Informatics 225",Economic and Management Sciences,EMS,https://www.up.ac.za/yearbooks/2026/EMS-faculty/UG-modules/view/INF%20225
INF261,"Informatics 261",Economic and Management Sciences,EMS,https://www.up.ac.za/yearbooks/2026/EMS-faculty/UG-modules/view/INF%20261
CMY285,"Inorganic chemistry 285",Natural and Agricultural Sciences,SCI,https://www.up.ac.za/yearbooks/2026/SCI-faculty/UG-modules/view/CMY%20285
CMY385,"Inorganic chemistry 385",Natural and Agricultural Sciences,SCI,https://www.up.ac.za/yearbooks/2026/SCI-faculty/UG-modules/view/CMY%20385
ZEN355,"Insect diversity 355",Natural and Agricultural Sciences,SCI,https://www.up.ac.za/yearbooks/2026/SCI-faculty/UG-modules/view/ZEN%20355
FST350,"Integrated food science 350",Natural and Agricultural Sciences,SCI,https://www.up.ac.za/yearbooks/2026/SCI-faculty/UG-modules/view/FST%20350
LEK465,"International agricultural trade and policy 465",Natural and Agricultural Sciences,SCI,https://www.up.ac.za/yearbooks/2026/SCI-faculty/UG-modules/view/LEK%20465
FNH321,"International nutrition 321",Natural and Agricultural Sciences,SCI,https://www.up.ac.za/yearbooks/2026/SCI-faculty/UG-modules/view/FNH%20321
LEK210,"Introduction to agricultural economics 210",Natural and Agricultural Sciences,SCI,https://www.up.ac.za/yearbooks/2026/SCI-faculty/UG-modules/view/LEK%20210
COS151,"Introduction to computer science 151",Engineering, Built Environment and IT,EBIT,https://www.up.ac.za/yearbooks/2026/EBIT-faculty/UG-modules/view/COS%20151
PLG251,"Introduction to crop protection 251",Natural and Agricultural Sciences,SCI,https://www.up.ac.za/yearbooks/2026/SCI-faculty/UG-modules/view/PLG%20251
COS221,"Introduction to database systems 221",Engineering, Built Environment and IT,EBIT,https://www.up.ac.za/yearbooks/2026/EBIT-faculty/UG-modules/view/COS%20221
WKD263,"Introduction to dynamic meteorology 263",Natural and Agricultural Sciences,SCI,https://www.up.ac.za/yearbooks/2026/SCI-faculty/UG-modules/view/WKD%20263
ENV101,"Introduction to environmental sciences 101",Natural and Agricultural Sciences,SCI,https://www.up.ac.za/yearbooks/2026/SCI-faculty/UG-modules/view/ENV%20101
FST250,"Introduction to food science and technology 250",Natural and Agricultural Sciences,SCI,https://www.up.ac.za/yearbooks/2026/SCI-faculty/UG-modules/view/FST%20250
FNH121,"Introduction to food, nutrition and health 121",Natural and Agricultural Sciences,SCI,https://www.up.ac.za/yearbooks/2026/SCI-faculty/UG-modules/view/FNH%20121
GLY155,"Introduction to geology 155",Natural and Agricultural Sciences,SCI,https://www.up.ac.za/yearbooks/2026/SCI-faculty/UG-modules/view/GLY%20155
MBY161,"Introduction to microbiology 161",Natural and Agricultural Sciences,SCI,https://www.up.ac.za/yearbooks/2026/SCI-faculty/UG-modules/view/MBY%20161
FIL252,"Introduction to moral and political philosophy 252",Humanities,HUM,https://www.up.ac.za/yearbooks/2026/HUM-faculty/UG-modules/view/FIL%20252
BCM251,"Introduction to proteins and enzymes 251",Natural and Agricultural Sciences,SCI,https://www.up.ac.za/yearbooks/2026/SCI-faculty/UG-modules/view/BCM%20251
LEK424,"Introduction to resource economics 424",Natural and Agricultural Sciences,SCI,https://www.up.ac.za/yearbooks/2026/SCI-faculty/UG-modules/view/LEK%20424
APL110,"Introduction to social anthropology 110",Humanities,HUM,https://www.up.ac.za/yearbooks/2026/HUM-faculty/UG-modules/view/APL%20110
FIL155,"Introduction to the philosophy of medicine 155",Humanities,HUM,https://www.up.ac.za/yearbooks/2026/HUM-faculty/UG-modules/view/FIL%20155
EFK110,"Introduction to tourism 110",Humanities,HUM,https://www.up.ac.za/yearbooks/2026/HUM-faculty/UG-modules/view/EFK%20110
ANA121,"Introduction: Human anatomy and embryology 121",Natural and Agricultural Sciences,MED,https://www.up.ac.za/yearbooks/2026/MED-faculty/UG-modules/view/ANA%20121
FLG211,"Introductory and neurophysiology 211",Natural and Agricultural Sciences,MED,https://www.up.ac.za/yearbooks/2026/MED-faculty/UG-modules/view/FLG%20211
BCM257,"Introductory biochemistry 257",Natural and Agricultural Sciences,SCI,https://www.up.ac.za/yearbooks/2026/SCI-faculty/UG-modules/view/BCM%20257
GTS161,"Introductory genetics 161",Natural and Agricultural Sciences,SCI,https://www.up.ac.za/yearbooks/2026/SCI-faculty/UG-modules/view/GTS%20161
GGY283,"Introductory geographic information systems 283",Natural and Agricultural Sciences,SCI,https://www.up.ac.za/yearbooks/2026/SCI-faculty/UG-modules/view/GGY%20283
GKD250,"Introductory soil science 250",Natural and Agricultural Sciences,SCI,https://www.up.ac.za/yearbooks/2026/SCI-faculty/UG-modules/view/GKD%20250
ZEN251,"Invertebrate biology 251",Natural and Agricultural Sciences,SCI,https://www.up.ac.za/yearbooks/2026/SCI-faculty/UG-modules/view/ZEN%20251
ABV320,"Labour relations 320",Economic and Management Sciences,EMS,https://www.up.ac.za/yearbooks/2026/EMS-faculty/UG-modules/view/ABV%20320
LST110,"Language and study skills 110",Humanities,HUM,https://www.up.ac.za/yearbooks/2026/HUM-faculty/UG-modules/view/LST%20110
LST133,"Language, life and study skills 133",Humanities,HUM,https://www.up.ac.za/yearbooks/2026/HUM-faculty/UG-modules/view/LST%20133
LST143,"Language, life and study skills 143",Humanities,HUM,https://www.up.ac.za/yearbooks/2026/HUM-faculty/UG-modules/view/LST%20143
WTW146,"Linear algebra 146",Natural and Agricultural Sciences,SCI,https://www.up.ac.za/yearbooks/2026/SCI-faculty/UG-modules/view/WTW%20146
WTW211,"Linear algebra 211",Natural and Agricultural Sciences,SCI,https://www.up.ac.za/yearbooks/2026/SCI-faculty/UG-modules/view/WTW%20211
WTW221,"Linear algebra 221",Natural and Agricultural Sciences,SCI,https://www.up.ac.za/yearbooks/2026/SCI-faculty/UG-modules/view/WTW%20221
BCM261,"Lipid and nitrogen metabolism 261",Natural and Agricultural Sciences,SCI,https://www.up.ac.za/yearbooks/2026/SCI-faculty/UG-modules/view/BCM%20261
LFT420,"Livestock feed technology 420",Natural and Agricultural Sciences,SCI,https://www.up.ac.za/yearbooks/2026/SCI-faculty/UG-modules/view/LFT%20420
FLG221,"Lung and renal physiology, acid-base balance and temperature 221",Natural and Agricultural Sciences,MED,https://www.up.ac.za/yearbooks/2026/MED-faculty/UG-modules/view/FLG%20221
BCM356,"Macromolecules of life: structure-function and bioinformatics 356",Natural and Agricultural Sciences,SCI,https://www.up.ac.za/yearbooks/2026/SCI-faculty/UG-modules/view/BCM%20356
ZEN352,"Mammalogy 352",Natural and Agricultural Sciences,SCI,https://www.up.ac.za/yearbooks/2026/SCI-faculty/UG-modules/view/ZEN%20352
BEM120,"Marketing management 120",Economic and Management Sciences,EMS,https://www.up.ac.za/yearbooks/2026/EMS-faculty/UG-modules/view/BEM%20120
BEM321,"Marketing management 321",Economic and Management Sciences,EMS,https://www.up.ac.za/yearbooks/2026/EMS-faculty/UG-modules/view/BEM%20321
BEM314,"Marketing research 314",Economic and Management Sciences,EMS,https://www.up.ac.za/yearbooks/2026/EMS-faculty/UG-modules/view/BEM%20314
WTW152,"Mathematical modelling 152",Natural and Agricultural Sciences,SCI,https://www.up.ac.za/yearbooks/2026/SCI-faculty/UG-modules/view/WTW%20152
WST111,"Mathematical statistics 111",Economic and Management Sciences,EMS,https://www.up.ac.za/yearbooks/2026/EMS-faculty/UG-modules/view/WST%20111
WST121,"Mathematical statistics 121",Economic and Management Sciences,EMS,https://www.up.ac.za/yearbooks/2026/EMS-faculty/UG-modules/view/WST%20121
WST211,"Mathematical statistics 211",Economic and Management Sciences,EMS,https://www.up.ac.za/yearbooks/2026/EMS-faculty/UG-modules/view/WST%20211
WST221,"Mathematical statistics 221",Economic and Management Sciences,EMS,https://www.up.ac.za/yearbooks/2026/EMS-faculty/UG-modules/view/WST%20221
WTW124,"Mathematics 124",Natural and Agricultural Sciences,SCI,https://www.up.ac.za/yearbooks/2026/SCI-faculty/UG-modules/view/WTW%20124
WTW134,"Mathematics 134",Natural and Agricultural Sciences,SCI,https://www.up.ac.za/yearbooks/2026/SCI-faculty/UG-modules/view/WTW%20134
WTW165,"Mathematics 165",Natural and Agricultural Sciences,SCI,https://www.up.ac.za/yearbooks/2026/SCI-faculty/UG-modules/view/WTW%20165
MBY365,"Microbe interactions 365",Natural and Agricultural Sciences,SCI,https://www.up.ac.za/yearbooks/2026/SCI-faculty/UG-modules/view/MBY%20365
WKD315,"Mid-latitude and polar meteorology 315",Natural and Agricultural Sciences,SCI,https://www.up.ac.za/yearbooks/2026/SCI-faculty/UG-modules/view/WKD%20315
MLB111,"Molecular and cell biology 111",Natural and Agricultural Sciences,SCI,https://www.up.ac.za/yearbooks/2026/SCI-faculty/UG-modules/view/MLB%20111
BCM368,"Molecular basis of disease 368",Natural and Agricultural Sciences,SCI,https://www.up.ac.za/yearbooks/2026/SCI-faculty/UG-modules/view/BCM%20368
GTS251,"Molecular genetics 251",Natural and Agricultural Sciences,SCI,https://www.up.ac.za/yearbooks/2026/SCI-faculty/UG-modules/view/GTS%20251
PLG490,"Molecular plant pathology and plant biosecurity 490",Natural and Agricultural Sciences,SCI,https://www.up.ac.za/yearbooks/2026/SCI-faculty/UG-modules/view/PLG%20490
VGE411,"Monogastric nutrition and production 411",Natural and Agricultural Sciences,SCI,https://www.up.ac.za/yearbooks/2026/SCI-faculty/UG-modules/view/VGE%20411
WST311,"Multivariate analysis 311",Economic and Management Sciences,EMS,https://www.up.ac.za/yearbooks/2026/EMS-faculty/UG-modules/view/WST%20311
MBY261,"Mycology 261",Natural and Agricultural Sciences,SCI,https://www.up.ac.za/yearbooks/2026/SCI-faculty/UG-modules/view/MBY%20261
COS216,"Netcentric computer systems 216",Engineering, Built Environment and IT,EBIT,https://www.up.ac.za/yearbooks/2026/EBIT-faculty/UG-modules/view/COS%20216
WTW123,"Numerical analysis 123",Natural and Agricultural Sciences,SCI,https://www.up.ac.za/yearbooks/2026/SCI-faculty/UG-modules/view/WTW%20123
WTW383,"Numerical analysis 383",Natural and Agricultural Sciences,SCI,https://www.up.ac.za/yearbooks/2026/SCI-faculty/UG-modules/view/WTW%20383
WTW263,"Numerical methods 263",Natural and Agricultural Sciences,SCI,https://www.up.ac.za/yearbooks/2026/SCI-faculty/UG-modules/view/WTW%20263
VDG310,"Nutrition (Capita Selecta from HNT 210) 310",Natural and Agricultural Sciences,SCI,https://www.up.ac.za/yearbooks/2026/SCI-faculty/UG-modules/view/VDG%20310
VDG320,"Nutrition (Capita Selecta from HNT 220) 320",Natural and Agricultural Sciences,SCI,https://www.up.ac.za/yearbooks/2026/SCI-faculty/UG-modules/view/VDG%20320
VGE310,"Nutrition science 310",Natural and Agricultural Sciences,SCI,https://www.up.ac.za/yearbooks/2026/SCI-faculty/UG-modules/view/VGE%20310
VGE320,"Nutrition science 320",Natural and Agricultural Sciences,SCI,https://www.up.ac.za/yearbooks/2026/SCI-faculty/UG-modules/view/VGE%20320
NTA314,"Nutritional assessment 314",Natural and Agricultural Sciences,SCI,https://www.up.ac.za/yearbooks/2026/SCI-faculty/UG-modules/view/NTA%20314
PHY300,"Observational astronomy 300",Natural and Agricultural Sciences,SCI,https://www.up.ac.za/yearbooks/2026/SCI-faculty/UG-modules/view/PHY%20300
COS122,"Operating systems 122",Engineering, Built Environment and IT,EBIT,https://www.up.ac.za/yearbooks/2026/EBIT-faculty/UG-modules/view/COS%20122
CMY284,"Organic chemistry 284",Natural and Agricultural Sciences,SCI,https://www.up.ac.za/yearbooks/2026/SCI-faculty/UG-modules/view/CMY%20284
CMY384,"Organic chemistry 384",Natural and Agricultural Sciences,SCI,https://www.up.ac.za/yearbooks/2026/SCI-faculty/UG-modules/view/CMY%20384
HSC490,"Ornamental horticulture 490",Natural and Agricultural Sciences,SCI,https://www.up.ac.za/yearbooks/2026/SCI-faculty/UG-modules/view/HSC%20490
ANA215,"Paleoanthropology 215",Natural and Agricultural Sciences,MED,https://www.up.ac.za/yearbooks/2026/MED-faculty/UG-modules/view/ANA%20215
WTW386,"Partial differential equations 386",Natural and Agricultural Sciences,SCI,https://www.up.ac.za/yearbooks/2026/SCI-faculty/UG-modules/view/WTW%20386
PHY310,"Particle and astroparticle physics 310",Natural and Agricultural Sciences,SCI,https://www.up.ac.za/yearbooks/2026/SCI-faculty/UG-modules/view/PHY%20310
KLR221,"Pattern use and good fit 221",Natural and Agricultural Sciences,SCI,https://www.up.ac.za/yearbooks/2026/SCI-faculty/UG-modules/view/KLR%20221
FAR381,"Pharmacology 381",Health Sciences,MED,https://www.up.ac.za/yearbooks/2026/MED-faculty/UG-modules/view/FAR%20381
FAR382,"Pharmacology 382",Health Sciences,MED,https://www.up.ac.za/yearbooks/2026/MED-faculty/UG-modules/view/FAR%20382
CMY282,"Physical chemistry 282",Natural and Agricultural Sciences,SCI,https://www.up.ac.za/yearbooks/2026/SCI-faculty/UG-modules/view/CMY%20282
CMY382,"Physical chemistry 382",Natural and Agricultural Sciences,SCI,https://www.up.ac.za/yearbooks/2026/SCI-faculty/UG-modules/view/CMY%20382
WKD261,"Physical meteorology 261",Natural and Agricultural Sciences,SCI,https://www.up.ac.za/yearbooks/2026/SCI-faculty/UG-modules/view/WKD%20261
PHY131,"Physics for biology students 131",Natural and Agricultural Sciences,SCI,https://www.up.ac.za/yearbooks/2026/SCI-faculty/UG-modules/view/PHY%20131
PHY353,"Physics project 353",Natural and Agricultural Sciences,SCI,https://www.up.ac.za/yearbooks/2026/SCI-faculty/UG-modules/view/PHY%20353
PHY363,"Physics project 363",Natural and Agricultural Sciences,SCI,https://www.up.ac.za/yearbooks/2026/SCI-faculty/UG-modules/view/PHY%20363
ZEN361,"Physiological processes 361",Natural and Agricultural Sciences,SCI,https://www.up.ac.za/yearbooks/2026/SCI-faculty/UG-modules/view/ZEN%20361
FSG110,"Physiology 110",Humanities,MED,https://www.up.ac.za/yearbooks/2026/MED-faculty/UG-modules/view/FSG%20110
FSG120,"Physiology 120",Humanities,MED,https://www.up.ac.za/yearbooks/2026/MED-faculty/UG-modules/view/FSG%20120
BOT365,"Phytomedicine 365",Natural and Agricultural Sciences,SCI,https://www.up.ac.za/yearbooks/2026/SCI-faculty/UG-modules/view/BOT%20365
PLG363,"Plant disease control 363",Natural and Agricultural Sciences,SCI,https://www.up.ac.za/yearbooks/2026/SCI-faculty/UG-modules/view/PLG%20363
PLG463,"Plant disease epidemiology and control 463",Natural and Agricultural Sciences,SCI,https://www.up.ac.za/yearbooks/2026/SCI-faculty/UG-modules/view/PLG%20463
BOT366,"Plant diversity 366",Natural and Agricultural Sciences,SCI,https://www.up.ac.za/yearbooks/2026/SCI-faculty/UG-modules/view/BOT%20366
BOT358,"Plant ecology 358",Natural and Agricultural Sciences,SCI,https://www.up.ac.za/yearbooks/2026/SCI-faculty/UG-modules/view/BOT%20358
BOT356,"Plant ecophysiology 356",Natural and Agricultural Sciences,SCI,https://www.up.ac.za/yearbooks/2026/SCI-faculty/UG-modules/view/BOT%20356
BTC361,"Plant genetics and crop biotechnology 361",Natural and Agricultural Sciences,SCI,https://www.up.ac.za/yearbooks/2026/SCI-faculty/UG-modules/view/BTC%20361
BOT261,"Plant physiology and biotechnology 261",Natural and Agricultural Sciences,SCI,https://www.up.ac.za/yearbooks/2026/SCI-faculty/UG-modules/view/BOT%20261
WDE320,"Planted pastures and fodder crops 320",Natural and Agricultural Sciences,SCI,https://www.up.ac.za/yearbooks/2026/SCI-faculty/UG-modules/view/WDE%20320
BOT161,"Plants and society 161",Natural and Agricultural Sciences,SCI,https://www.up.ac.za/yearbooks/2026/SCI-faculty/UG-modules/view/BOT%20161
GTS367,"Population and evolutionary genetics 367",Natural and Agricultural Sciences,SCI,https://www.up.ac.za/yearbooks/2026/SCI-faculty/UG-modules/view/GTS%20367
ZEN351,"Population ecology 351",Natural and Agricultural Sciences,SCI,https://www.up.ac.za/yearbooks/2026/SCI-faculty/UG-modules/view/ZEN%20351
PVK420,"Poultry nutrition and production 420",Natural and Agricultural Sciences,SCI,https://www.up.ac.za/yearbooks/2026/SCI-faculty/UG-modules/view/PVK%20420
HSC351,"Principles and practices 351",Natural and Agricultural Sciences,SCI,https://www.up.ac.za/yearbooks/2026/SCI-faculty/UG-modules/view/HSC%20351
FST260,"Principles of  food processing and preservation 260",Natural and Agricultural Sciences,SCI,https://www.up.ac.za/yearbooks/2026/SCI-faculty/UG-modules/view/FST%20260
PLG262,"Principles of plant pathology 262",Natural and Agricultural Sciences,SCI,https://www.up.ac.za/yearbooks/2026/SCI-faculty/UG-modules/view/PLG%20262
FST360,"Principles of the science and technology of plant food 360",Natural and Agricultural Sciences,SCI,https://www.up.ac.za/yearbooks/2026/SCI-faculty/UG-modules/view/FST%20360
WDE310,"Principles of veld management 310",Natural and Agricultural Sciences,SCI,https://www.up.ac.za/yearbooks/2026/SCI-faculty/UG-modules/view/WDE%20310
GGY252,"Process geomorphology 252",Natural and Agricultural Sciences,SCI,https://www.up.ac.za/yearbooks/2026/SCI-faculty/UG-modules/view/GGY%20252
KLR411,"Product development 411",Natural and Agricultural Sciences,SCI,https://www.up.ac.za/yearbooks/2026/SCI-faculty/UG-modules/view/KLR%20411
COS110,"Program design: Introduction 110",Engineering, Built Environment and IT,EBIT,https://www.up.ac.za/yearbooks/2026/EBIT-faculty/UG-modules/view/COS%20110
WKD254,"Programming in meteorology 254",Natural and Agricultural Sciences,SCI,https://www.up.ac.za/yearbooks/2026/SCI-faculty/UG-modules/view/WKD%20254
COS333,"Programming languages 333",Engineering, Built Environment and IT,EBIT,https://www.up.ac.za/yearbooks/2026/EBIT-faculty/UG-modules/view/COS%20333
SLK110,"Psychology 110",Humanities,HUM,https://www.up.ac.za/yearbooks/2026/HUM-faculty/UG-modules/view/SLK%20110
SLK120,"Psychology 120",Humanities,HUM,https://www.up.ac.za/yearbooks/2026/HUM-faculty/UG-modules/view/SLK%20120
SLK210,"Psychology 210",Humanities,HUM,https://www.up.ac.za/yearbooks/2026/HUM-faculty/UG-modules/view/SLK%20210
SLK220,"Psychology 220",Humanities,HUM,https://www.up.ac.za/yearbooks/2026/HUM-faculty/UG-modules/view/SLK%20220
SLK310,"Psychology 310",Humanities,HUM,https://www.up.ac.za/yearbooks/2026/HUM-faculty/UG-modules/view/SLK%20310
SLK320,"Psychology 320",Humanities,HUM,https://www.up.ac.za/yearbooks/2026/HUM-faculty/UG-modules/view/SLK%20320
VDS400,"Quantity food production: Restaurant and event management 400",Natural and Agricultural Sciences,SCI,https://www.up.ac.za/yearbooks/2026/SCI-faculty/UG-modules/view/VDS%20400
VDS413,"Recipe development and standardisation 413",Natural and Agricultural Sciences,SCI,https://www.up.ac.za/yearbooks/2026/SCI-faculty/UG-modules/view/VDS%20413
GMA220,"Remote sensing 220",Natural and Agricultural Sciences,SCI,https://www.up.ac.za/yearbooks/2026/SCI-faculty/UG-modules/view/GMA%20220
GMA320,"Remote sensing 320",Natural and Agricultural Sciences,SCI,https://www.up.ac.za/yearbooks/2026/SCI-faculty/UG-modules/view/GMA%20320
RPL310,"Reproduction science 310",Natural and Agricultural Sciences,SCI,https://www.up.ac.za/yearbooks/2026/SCI-faculty/UG-modules/view/RPL%20310
RPL320,"Reproduction science 320",Natural and Agricultural Sciences,SCI,https://www.up.ac.za/yearbooks/2026/SCI-faculty/UG-modules/view/RPL%20320
FST400,"Research methodology and seminar 400",Natural and Agricultural Sciences,SCI,https://www.up.ac.za/yearbooks/2026/SCI-faculty/UG-modules/view/FST%20400
VKU400,"Research project 400",Natural and Agricultural Sciences,SCI,https://www.up.ac.za/yearbooks/2026/SCI-faculty/UG-modules/view/VKU%20400
FNH400,"Research project 400",Natural and Agricultural Sciences,SCI,https://www.up.ac.za/yearbooks/2026/SCI-faculty/UG-modules/view/FNH%20400
VBR400,"Research project 400",Natural and Agricultural Sciences,SCI,https://www.up.ac.za/yearbooks/2026/SCI-faculty/UG-modules/view/VBR%20400
PLG462,"Research project 462",Natural and Agricultural Sciences,SCI,https://www.up.ac.za/yearbooks/2026/SCI-faculty/UG-modules/view/PLG%20462
LEK433,"Research project: Agricultural economics 433",Natural and Agricultural Sciences,SCI,https://www.up.ac.za/yearbooks/2026/SCI-faculty/UG-modules/view/LEK%20433
GLY371,"Rock and soil mechanics for geologists 371",Natural and Agricultural Sciences,SCI,https://www.up.ac.za/yearbooks/2026/SCI-faculty/UG-modules/view/GLY%20371
WKD265,"Satellite meteorology 265",Natural and Agricultural Sciences,SCI,https://www.up.ac.za/yearbooks/2026/SCI-faculty/UG-modules/view/WKD%20265
GLY253,"Sedimentology 253",Natural and Agricultural Sciences,SCI,https://www.up.ac.za/yearbooks/2026/SCI-faculty/UG-modules/view/GLY%20253
PGW400,"Seminar 400",Natural and Agricultural Sciences,SCI,https://www.up.ac.za/yearbooks/2026/SCI-faculty/UG-modules/view/PGW%20400
FST412,"Sensory evaluation 412",Natural and Agricultural Sciences,SCI,https://www.up.ac.za/yearbooks/2026/SCI-faculty/UG-modules/view/FST%20412
APL210,"Sex, culture and society 210",Humanities,HUM,https://www.up.ac.za/yearbooks/2026/HUM-faculty/UG-modules/view/APL%20210
KVK420,"Small stock nutrition and production 420",Natural and Agricultural Sciences,SCI,https://www.up.ac.za/yearbooks/2026/SCI-faculty/UG-modules/view/KVK%20420
KLD311,"Social and cultural aspects of clothing 311",Natural and Agricultural Sciences,SCI,https://www.up.ac.za/yearbooks/2026/SCI-faculty/UG-modules/view/KLD%20311
RES320,"Social research: Methodological thinking 320",Humanities,HUM,https://www.up.ac.za/yearbooks/2026/HUM-faculty/UG-modules/view/RES%20320
COS301,"Software engineering 301",Engineering, Built Environment and IT,EBIT,https://www.up.ac.za/yearbooks/2026/EBIT-faculty/UG-modules/view/COS%20301
COS214,"Software modelling 214",Engineering, Built Environment and IT,EBIT,https://www.up.ac.za/yearbooks/2026/EBIT-faculty/UG-modules/view/COS%20214
GKD320,"Soil chemistry 320",Natural and Agricultural Sciences,SCI,https://www.up.ac.za/yearbooks/2026/SCI-faculty/UG-modules/view/GKD%20320
GKD420,"Soil fertility, soil microbiology and plant nutrition 420",Natural and Agricultural Sciences,SCI,https://www.up.ac.za/yearbooks/2026/SCI-faculty/UG-modules/view/GKD%20420
GKD350,"Soil formation and classification 350",Natural and Agricultural Sciences,SCI,https://www.up.ac.za/yearbooks/2026/SCI-faculty/UG-modules/view/GKD%20350
PGW350,"Soil-water relationship and irrigation 350",Natural and Agricultural Sciences,SCI,https://www.up.ac.za/yearbooks/2026/SCI-faculty/UG-modules/view/PGW%20350
BOT251,"South African flora and vegetation 251",Natural and Agricultural Sciences,SCI,https://www.up.ac.za/yearbooks/2026/SCI-faculty/UG-modules/view/BOT%20251
GGY166,"Southern African geomorphology 166",Natural and Agricultural Sciences,SCI,https://www.up.ac.za/yearbooks/2026/SCI-faculty/UG-modules/view/GGY%20166
GIS320,"Spatial analysis 320",Natural and Agricultural Sciences,SCI,https://www.up.ac.za/yearbooks/2026/SCI-faculty/UG-modules/view/GIS%20320
PHY364,"Statistical mechanics, solid state physics and modelling 364",Natural and Agricultural Sciences,SCI,https://www.up.ac.za/yearbooks/2026/SCI-faculty/UG-modules/view/PHY%20364
STK110,"Statistics 110",Economic and Management Sciences,EMS,https://www.up.ac.za/yearbooks/2026/EMS-faculty/UG-modules/view/STK%20110
STK120,"Statistics 120",Economic and Management Sciences,EMS,https://www.up.ac.za/yearbooks/2026/EMS-faculty/UG-modules/view/STK%20120
STC121,"Statistics 121",Economic and Management Sciences,EMS,https://www.up.ac.za/yearbooks/2026/EMS-faculty/UG-modules/view/STC%20121
STC122,"Statistics 122",Economic and Management Sciences,EMS,https://www.up.ac.za/yearbooks/2026/EMS-faculty/UG-modules/view/STC%20122
STK210,"Statistics 210",Economic and Management Sciences,EMS,https://www.up.ac.za/yearbooks/2026/EMS-faculty/UG-modules/view/STK%20210
STK220,"Statistics 220",Economic and Management Sciences,EMS,https://www.up.ac.za/yearbooks/2026/EMS-faculty/UG-modules/view/STK%20220
STK310,"Statistics 310",Economic and Management Sciences,EMS,https://www.up.ac.za/yearbooks/2026/EMS-faculty/UG-modules/view/STK%20310
STK320,"Statistics 320",Economic and Management Sciences,EMS,https://www.up.ac.za/yearbooks/2026/EMS-faculty/UG-modules/view/STK%20320
BME410,"Statistics for biological sciences 410",Natural and Agricultural Sciences,SCI,https://www.up.ac.za/yearbooks/2026/SCI-faculty/UG-modules/view/BME%20410
WST312,"Stochastic processes 312",Economic and Management Sciences,EMS,https://www.up.ac.za/yearbooks/2026/EMS-faculty/UG-modules/view/WST%20312
GLY370,"Structural geology and hydrogeology 370",Natural and Agricultural Sciences,SCI,https://www.up.ac.za/yearbooks/2026/SCI-faculty/UG-modules/view/GLY%20370
SUR220,"Surveying 220",Natural and Agricultural Sciences,SCI,https://www.up.ac.za/yearbooks/2026/SCI-faculty/UG-modules/view/SUR%20220
IAS382,"Survival models 382",Natural and Agricultural Sciences,SCI,https://www.up.ac.za/yearbooks/2026/SCI-faculty/UG-modules/view/IAS%20382
PPK251,"Sustainable crop production and agroclimatology 251",Natural and Agricultural Sciences,SCI,https://www.up.ac.za/yearbooks/2026/SCI-faculty/UG-modules/view/PPK%20251
WTW224,"Techniques of analysis 224",Natural and Agricultural Sciences,SCI,https://www.up.ac.za/yearbooks/2026/SCI-faculty/UG-modules/view/WTW%20224
TKS411,"Textiles: new and sustainable developments 411",Natural and Agricultural Sciences,SCI,https://www.up.ac.za/yearbooks/2026/SCI-faculty/UG-modules/view/TKS%20411
TKS422,"Textiles: Quality assurance and consumer aspects 422",Natural and Agricultural Sciences,SCI,https://www.up.ac.za/yearbooks/2026/SCI-faculty/UG-modules/view/TKS%20422
TKS222,"Textiles: Structures and finishes 222",Natural and Agricultural Sciences,SCI,https://www.up.ac.za/yearbooks/2026/SCI-faculty/UG-modules/view/TKS%20222
TKS212,"Textiles: Utilities, fibres and yarns 212",Natural and Agricultural Sciences,SCI,https://www.up.ac.za/yearbooks/2026/SCI-faculty/UG-modules/view/TKS%20212
STK353,"The science of data analytics 353",Economic and Management Sciences,EMS,https://www.up.ac.za/yearbooks/2026/EMS-faculty/UG-modules/view/STK%20353
EFK310,"The South African tourism product 310",Humanities,HUM,https://www.up.ac.za/yearbooks/2026/HUM-faculty/UG-modules/view/EFK%20310
COS210,"Theoretical computer science 210",Engineering, Built Environment and IT,EBIT,https://www.up.ac.za/yearbooks/2026/EBIT-faculty/UG-modules/view/COS%20210
GGY301,"Theories and applications of human geography 301",Natural and Agricultural Sciences,SCI,https://www.up.ac.za/yearbooks/2026/SCI-faculty/UG-modules/view/GGY%20301
WST321,"Time-series analysis 321",Economic and Management Sciences,EMS,https://www.up.ac.za/yearbooks/2026/EMS-faculty/UG-modules/view/WST%20321
EFK210,"Tourism and representation 210",Humanities,HUM,https://www.up.ac.za/yearbooks/2026/HUM-faculty/UG-modules/view/EFK%20210
WKD316,"Tropical meteorology 316",Natural and Agricultural Sciences,SCI,https://www.up.ac.za/yearbooks/2026/SCI-faculty/UG-modules/view/WKD%20316
WTW248,"Vector analysis 248",Natural and Agricultural Sciences,SCI,https://www.up.ac.za/yearbooks/2026/SCI-faculty/UG-modules/view/WTW%20248
AGR410,"Vegetable crops 410",Natural and Agricultural Sciences,SCI,https://www.up.ac.za/yearbooks/2026/SCI-faculty/UG-modules/view/AGR%20410
MBY351,"Virology 351",Natural and Agricultural Sciences,SCI,https://www.up.ac.za/yearbooks/2026/SCI-faculty/UG-modules/view/MBY%20351
PHY255,"Waves, thermodynamics and modern physics 255",Natural and Agricultural Sciences,SCI,https://www.up.ac.za/yearbooks/2026/SCI-faculty/UG-modules/view/PHY%20255
ALL122,"Academic literacy for Construction Economics 122",Humanities,HUM,https://www.up.ac.za/yearbooks/2026/HUM-faculty/UG-modules/view/ALL%20122
ALL121,"Academic literacy for Information Technology 121",Humanities,HUM,https://www.up.ac.za/yearbooks/2026/HUM-faculty/UG-modules/view/ALL%20121
ALL123,"Academic literacy for Town and Regional Planning 123",Humanities,HUM,https://www.up.ac.za/yearbooks/2026/HUM-faculty/UG-modules/view/ALL%20123
UPO112,"Academic orientation 112",Engineering, Built Environment and IT,EBIT,https://www.up.ac.za/yearbooks/2026/EBIT-faculty/UG-modules/view/UPO%20112
JPO111,"Additional chemistry 1 111",Engineering, Built Environment and IT,EBIT,https://www.up.ac.za/yearbooks/2026/EBIT-faculty/UG-modules/view/JPO%20111
JPO161,"Additional chemistry 1 161",Engineering, Built Environment and IT,EBIT,https://www.up.ac.za/yearbooks/2026/EBIT-faculty/UG-modules/view/JPO%20161
JPO121,"Additional chemistry 2 121",Engineering, Built Environment and IT,EBIT,https://www.up.ac.za/yearbooks/2026/EBIT-faculty/UG-modules/view/JPO%20121
JPO112,"Additional electricity and electronics 112",Engineering, Built Environment and IT,EBIT,https://www.up.ac.za/yearbooks/2026/EBIT-faculty/UG-modules/view/JPO%20112
JPO113,"Additional engineering design tools 113",Engineering, Built Environment and IT,EBIT,https://www.up.ac.za/yearbooks/2026/EBIT-faculty/UG-modules/view/JPO%20113
JPO123,"Additional materials science 123",Engineering, Built Environment and IT,EBIT,https://www.up.ac.za/yearbooks/2026/EBIT-faculty/UG-modules/view/JPO%20123
JPO116,"Additional mathematics 1 116",Engineering, Built Environment and IT,EBIT,https://www.up.ac.za/yearbooks/2026/EBIT-faculty/UG-modules/view/JPO%20116
JPO126,"Additional mathematics 2 126",Engineering, Built Environment and IT,EBIT,https://www.up.ac.za/yearbooks/2026/EBIT-faculty/UG-modules/view/JPO%20126
JPO122,"Additional physics 122",Engineering, Built Environment and IT,EBIT,https://www.up.ac.za/yearbooks/2026/EBIT-faculty/UG-modules/view/JPO%20122
JPO152,"Additional physics 152",Engineering, Built Environment and IT,EBIT,https://www.up.ac.za/yearbooks/2026/EBIT-faculty/UG-modules/view/JPO%20152
JPO114,"Additional programming 1 114",Engineering, Built Environment and IT,EBIT,https://www.up.ac.za/yearbooks/2026/EBIT-faculty/UG-modules/view/JPO%20114
JPO124,"Additional programming 2 124",Engineering, Built Environment and IT,EBIT,https://www.up.ac.za/yearbooks/2026/EBIT-faculty/UG-modules/view/JPO%20124
JPO125,"Additional statics 125",Engineering, Built Environment and IT,EBIT,https://www.up.ac.za/yearbooks/2026/EBIT-faculty/UG-modules/view/JPO%20125
ENE410,"Advanced electronics 410",Engineering, Built Environment and IT,EBIT,https://www.up.ac.za/yearbooks/2026/EBIT-faculty/UG-modules/view/ENE%20410
IMY210,"Advanced web technologies 1 210",Engineering, Built Environment and IT,EBIT,https://www.up.ac.za/yearbooks/2026/EBIT-faculty/UG-modules/view/IMY%20210
IMY220,"Advanced web technologies 2 220",Engineering, Built Environment and IT,EBIT,https://www.up.ac.za/yearbooks/2026/EBIT-faculty/UG-modules/view/IMY%20220
MLV420,"Aeronautics 420",Engineering, Built Environment and IT,EBIT,https://www.up.ac.za/yearbooks/2026/EBIT-faculty/UG-modules/view/MLV%20420
AFT121,"African languages literature: Capita selecta 121",Humanities,HUM,https://www.up.ac.za/yearbooks/2026/HUM-faculty/UG-modules/view/AFT%20121
AFT220,"African languages literature: Capita selecta 220",Humanities,HUM,https://www.up.ac.za/yearbooks/2026/HUM-faculty/UG-modules/view/AFT%20220
AFT320,"African languages literature: Capita selecta 320",Humanities,HUM,https://www.up.ac.za/yearbooks/2026/HUM-faculty/UG-modules/view/AFT%20320
AFR110,"Afrikaans 110",Humanities,HUM,https://www.up.ac.za/yearbooks/2026/HUM-faculty/UG-modules/view/AFR%20110
AFR120,"Afrikaans 120",Humanities,HUM,https://www.up.ac.za/yearbooks/2026/HUM-faculty/UG-modules/view/AFR%20120
AFR214,"Afrikaans 214",Humanities,HUM,https://www.up.ac.za/yearbooks/2026/HUM-faculty/UG-modules/view/AFR%20214
AFR220,"Afrikaans 220",Humanities,HUM,https://www.up.ac.za/yearbooks/2026/HUM-faculty/UG-modules/view/AFR%20220
AFR311,"Afrikaans 311",Humanities,HUM,https://www.up.ac.za/yearbooks/2026/HUM-faculty/UG-modules/view/AFR%20311
AFR321,"Afrikaans 321",Humanities,HUM,https://www.up.ac.za/yearbooks/2026/HUM-faculty/UG-modules/view/AFR%20321
ENE310,"Analogue electronics 310",Engineering, Built Environment and IT,EBIT,https://www.up.ac.za/yearbooks/2026/EBIT-faculty/UG-modules/view/ENE%20310
AGL110,"Archaeology 110",Humanities,HUM,https://www.up.ac.za/yearbooks/2026/HUM-faculty/UG-modules/view/AGL%20110
AGL120,"Archaeology 120",Humanities,HUM,https://www.up.ac.za/yearbooks/2026/HUM-faculty/UG-modules/view/AGL%20120
EBT410,"Automation 410",Engineering, Built Environment and IT,EBIT,https://www.up.ac.za/yearbooks/2026/EBIT-faculty/UG-modules/view/EBT%20410
PEE321,"Basic mine ventilation engineering 321",Engineering, Built Environment and IT,EBIT,https://www.up.ac.za/yearbooks/2026/EBIT-faculty/UG-modules/view/PEE%20321
CBI310,"Biochemical engineering 310",Engineering, Built Environment and IT,EBIT,https://www.up.ac.za/yearbooks/2026/EBIT-faculty/UG-modules/view/CBI%20310
EBI410,"Biomedical Engineering 410",Engineering, Built Environment and IT,EBIT,https://www.up.ac.za/yearbooks/2026/EBIT-faculty/UG-modules/view/EBI%20410
EPR404,"Biomedical Engineering Project 404",Engineering, Built Environment and IT,EBIT,https://www.up.ac.za/yearbooks/2026/EBIT-faculty/UG-modules/view/EPR%20404
BOU111,"Building drawings 111",Engineering, Built Environment and IT,EBIT,https://www.up.ac.za/yearbooks/2026/EBIT-faculty/UG-modules/view/BOU%20111
BGG121,"Building organisation 121",Engineering, Built Environment and IT,EBIT,https://www.up.ac.za/yearbooks/2026/EBIT-faculty/UG-modules/view/BGG%20121
BWT110,"Building science 110",Engineering, Built Environment and IT,EBIT,https://www.up.ac.za/yearbooks/2026/EBIT-faculty/UG-modules/view/BWT%20110
BWT120,"Building science 120",Engineering, Built Environment and IT,EBIT,https://www.up.ac.za/yearbooks/2026/EBIT-faculty/UG-modules/view/BWT%20120
BWT210,"Building science 210",Engineering, Built Environment and IT,EBIT,https://www.up.ac.za/yearbooks/2026/EBIT-faculty/UG-modules/view/BWT%20210
BWT220,"Building science 220",Engineering, Built Environment and IT,EBIT,https://www.up.ac.za/yearbooks/2026/EBIT-faculty/UG-modules/view/BWT%20220
BWT310,"Building science 310",Engineering, Built Environment and IT,EBIT,https://www.up.ac.za/yearbooks/2026/EBIT-faculty/UG-modules/view/BWT%20310
BWT320,"Building science 320",Engineering, Built Environment and IT,EBIT,https://www.up.ac.za/yearbooks/2026/EBIT-faculty/UG-modules/view/BWT%20320
GBD112,"Building services 112",Engineering, Built Environment and IT,EBIT,https://www.up.ac.za/yearbooks/2026/EBIT-faculty/UG-modules/view/GBD%20112
GBD122,"Building services 122",Engineering, Built Environment and IT,EBIT,https://www.up.ac.za/yearbooks/2026/EBIT-faculty/UG-modules/view/GBD%20122
GBD211,"Building services 211",Engineering, Built Environment and IT,EBIT,https://www.up.ac.za/yearbooks/2026/EBIT-faculty/UG-modules/view/GBD%20211
GBD221,"Building services 221",Engineering, Built Environment and IT,EBIT,https://www.up.ac.za/yearbooks/2026/EBIT-faculty/UG-modules/view/GBD%20221
GBD311,"Building services 311",Engineering, Built Environment and IT,EBIT,https://www.up.ac.za/yearbooks/2026/EBIT-faculty/UG-modules/view/GBD%20311
BAC200,"Business accounting 200",Economic and Management Sciences,EMS,https://www.up.ac.za/yearbooks/2026/EMS-faculty/UG-modules/view/BAC%20200
BAC201,"Business accounting 201",Economic and Management Sciences,EMS,https://www.up.ac.za/yearbooks/2026/EMS-faculty/UG-modules/view/BAC%20201
OBS370,"Business analytics 370",Economic and Management Sciences,EMS,https://www.up.ac.za/yearbooks/2026/EMS-faculty/UG-modules/view/OBS%20370
OBS212,"Business creation 212",Economic and Management Sciences,EMS,https://www.up.ac.za/yearbooks/2026/EMS-faculty/UG-modules/view/OBS%20212
BPZ321,"Business engineering 321",Engineering, Built Environment and IT,EBIT,https://www.up.ac.za/yearbooks/2026/EBIT-faculty/UG-modules/view/BPZ%20321
BER310,"Business law 310",Law,LAW,https://www.up.ac.za/yearbooks/2026/LAW-faculty/UG-modules/view/BER%20310
OBS310,"Business management 310",Economic and Management Sciences,EMS,https://www.up.ac.za/yearbooks/2026/EMS-faculty/UG-modules/view/OBS%20310
OBS330,"Business management 330",Economic and Management Sciences,EMS,https://www.up.ac.za/yearbooks/2026/EMS-faculty/UG-modules/view/OBS%20330
WTW158,"Calculus 158",Natural and Agricultural Sciences,SCI,https://www.up.ac.za/yearbooks/2026/SCI-faculty/UG-modules/view/WTW%20158
WTW258,"Calculus 258",Natural and Agricultural Sciences,SCI,https://www.up.ac.za/yearbooks/2026/SCI-faculty/UG-modules/view/WTW%20258
CIR113,"Chemical engineering 113",Engineering, Built Environment and IT,EBIT,https://www.up.ac.za/yearbooks/2026/EBIT-faculty/UG-modules/view/CIR%20113
CIR123,"Chemical engineering 123",Engineering, Built Environment and IT,EBIT,https://www.up.ac.za/yearbooks/2026/EBIT-faculty/UG-modules/view/CIR%20123
CIR211,"Chemical engineering 211",Engineering, Built Environment and IT,EBIT,https://www.up.ac.za/yearbooks/2026/EBIT-faculty/UG-modules/view/CIR%20211
CIR310,"Chemical engineering 310",Engineering, Built Environment and IT,EBIT,https://www.up.ac.za/yearbooks/2026/EBIT-faculty/UG-modules/view/CIR%20310
CIO320,"Chemical engineering design 320",Engineering, Built Environment and IT,EBIT,https://www.up.ac.za/yearbooks/2026/EBIT-faculty/UG-modules/view/CIO%20320
CIM211,"Chemical engineering materials 211",Engineering, Built Environment and IT,EBIT,https://www.up.ac.za/yearbooks/2026/EBIT-faculty/UG-modules/view/CIM%20211
CPR420,"Chemical engineering practice 420",Engineering, Built Environment and IT,EBIT,https://www.up.ac.za/yearbooks/2026/EBIT-faculty/UG-modules/view/CPR%20420
CHM215,"Chemistry 215",Natural and Agricultural Sciences,SCI,https://www.up.ac.za/yearbooks/2026/SCI-faculty/UG-modules/view/CHM%20215
CHM226,"Chemistry 226",Natural and Agricultural Sciences,SCI,https://www.up.ac.za/yearbooks/2026/SCI-faculty/UG-modules/view/CHM%20226
SBM321,"Civil building materials 321",Engineering, Built Environment and IT,EBIT,https://www.up.ac.za/yearbooks/2026/EBIT-faculty/UG-modules/view/SBM%20321
SBZ420,"Civil engineering construction management 420",Engineering, Built Environment and IT,EBIT,https://www.up.ac.za/yearbooks/2026/EBIT-faculty/UG-modules/view/SBZ%20420
SIE310,"Civil engineering economics 310",Engineering, Built Environment and IT,EBIT,https://www.up.ac.za/yearbooks/2026/EBIT-faculty/UG-modules/view/SIE%20310
SBZ321,"Civil engineering measurement techniques 321",Engineering, Built Environment and IT,EBIT,https://www.up.ac.za/yearbooks/2026/EBIT-faculty/UG-modules/view/SBZ%20321
SKE220,"Civil engineering services 220",Engineering, Built Environment and IT,EBIT,https://www.up.ac.za/yearbooks/2026/EBIT-faculty/UG-modules/view/SKE%20220
SEV421,"Civil environmental management 421",Engineering, Built Environment and IT,EBIT,https://www.up.ac.za/yearbooks/2026/EBIT-faculty/UG-modules/view/SEV%20421
KRG110,"Commercial law 110",Law,LAW,https://www.up.ac.za/yearbooks/2026/LAW-faculty/UG-modules/view/KRG%20110
KRG120,"Commercial law 120",Law,LAW,https://www.up.ac.za/yearbooks/2026/LAW-faculty/UG-modules/view/KRG%20120
KOB283,"Communication management 283",Economic and Management Sciences,EMS,https://www.up.ac.za/yearbooks/2026/EMS-faculty/UG-modules/view/KOB%20283
JCP201,"Community-based project 201",Engineering, Built Environment and IT,EBIT,https://www.up.ac.za/yearbooks/2026/EBIT-faculty/UG-modules/view/JCP%20201
JCP202,"Community-based project 202",Engineering, Built Environment and IT,EBIT,https://www.up.ac.za/yearbooks/2026/EBIT-faculty/UG-modules/view/JCP%20202
JCP203,"Community-based project 203",Engineering, Built Environment and IT,EBIT,https://www.up.ac.za/yearbooks/2026/EBIT-faculty/UG-modules/view/JCP%20203
MKM411,"Computational fluid dynamics 411",Engineering, Built Environment and IT,EBIT,https://www.up.ac.za/yearbooks/2026/EBIT-faculty/UG-modules/view/MKM%20411
SCA420,"Computer applications in civil engineering 420",Engineering, Built Environment and IT,EBIT,https://www.up.ac.za/yearbooks/2026/EBIT-faculty/UG-modules/view/SCA%20420
ERD320,"Computer engineering design 320",Engineering, Built Environment and IT,EBIT,https://www.up.ac.za/yearbooks/2026/EBIT-faculty/UG-modules/view/ERD%20320
EAS410,"Computer engineering: Architecture and systems 410",Engineering, Built Environment and IT,EBIT,https://www.up.ac.za/yearbooks/2026/EBIT-faculty/UG-modules/view/EAS%20410
KON111,"Construction 111",Engineering, Built Environment and IT,EBIT,https://www.up.ac.za/yearbooks/2026/EBIT-faculty/UG-modules/view/KON%20111
KON121,"Construction 121",Engineering, Built Environment and IT,EBIT,https://www.up.ac.za/yearbooks/2026/EBIT-faculty/UG-modules/view/KON%20121
KON210,"Construction 210",Engineering, Built Environment and IT,EBIT,https://www.up.ac.za/yearbooks/2026/EBIT-faculty/UG-modules/view/KON%20210
KON220,"Construction 220",Engineering, Built Environment and IT,EBIT,https://www.up.ac.za/yearbooks/2026/EBIT-faculty/UG-modules/view/KON%20220
KON300,"Construction 300",Engineering, Built Environment and IT,EBIT,https://www.up.ac.za/yearbooks/2026/EBIT-faculty/UG-modules/view/KON%20300
KBS310,"Construction management 310",Engineering, Built Environment and IT,EBIT,https://www.up.ac.za/yearbooks/2026/EBIT-faculty/UG-modules/view/KBS%20310
KBS320,"Construction management 320",Engineering, Built Environment and IT,EBIT,https://www.up.ac.za/yearbooks/2026/EBIT-faculty/UG-modules/view/KBS%20320
KSH201,"Construction quantities 201",Engineering, Built Environment and IT,EBIT,https://www.up.ac.za/yearbooks/2026/EBIT-faculty/UG-modules/view/KSH%20201
KSH300,"Construction quantities 300",Engineering, Built Environment and IT,EBIT,https://www.up.ac.za/yearbooks/2026/EBIT-faculty/UG-modules/view/KSH%20300
EBB320,"Control systems 320",Engineering, Built Environment and IT,EBIT,https://www.up.ac.za/yearbooks/2026/EBIT-faculty/UG-modules/view/EBB%20320
NKR410,"Corrosion 410",Engineering, Built Environment and IT,EBIT,https://www.up.ac.za/yearbooks/2026/EBIT-faculty/UG-modules/view/NKR%20410
KRM110,"Criminology 110",Humanities,HUM,https://www.up.ac.za/yearbooks/2026/HUM-faculty/UG-modules/view/KRM%20110
KRM120,"Criminology 120",Humanities,HUM,https://www.up.ac.za/yearbooks/2026/HUM-faculty/UG-modules/view/KRM%20120
KRM210,"Criminology 210",Humanities,HUM,https://www.up.ac.za/yearbooks/2026/HUM-faculty/UG-modules/view/KRM%20210
KRM220,"Criminology 220",Humanities,HUM,https://www.up.ac.za/yearbooks/2026/HUM-faculty/UG-modules/view/KRM%20220
ONT100,"Design 100",Engineering, Built Environment and IT,EBIT,https://www.up.ac.za/yearbooks/2026/EBIT-faculty/UG-modules/view/ONT%20100
ONT200,"Design 200",Engineering, Built Environment and IT,EBIT,https://www.up.ac.za/yearbooks/2026/EBIT-faculty/UG-modules/view/ONT%20200
ONT300,"Design 300",Engineering, Built Environment and IT,EBIT,https://www.up.ac.za/yearbooks/2026/EBIT-faculty/UG-modules/view/ONT%20300
OKU100,"Design communication 100",Engineering, Built Environment and IT,EBIT,https://www.up.ac.za/yearbooks/2026/EBIT-faculty/UG-modules/view/OKU%20100
OKU200,"Design communication 200",Engineering, Built Environment and IT,EBIT,https://www.up.ac.za/yearbooks/2026/EBIT-faculty/UG-modules/view/OKU%20200
OKU300,"Design communication 300",Engineering, Built Environment and IT,EBIT,https://www.up.ac.za/yearbooks/2026/EBIT-faculty/UG-modules/view/OKU%20300
MOX410,"Design project 410",Engineering, Built Environment and IT,EBIT,https://www.up.ac.za/yearbooks/2026/EBIT-faculty/UG-modules/view/MOX%20410
CPJ421,"Design project 421",Engineering, Built Environment and IT,EBIT,https://www.up.ac.za/yearbooks/2026/EBIT-faculty/UG-modules/view/CPJ%20421
OBS211,"Design thinking and business innovation 211",Economic and Management Sciences,EMS,https://www.up.ac.za/yearbooks/2026/EMS-faculty/UG-modules/view/OBS%20211
SDO420,"Detailed design 420",Engineering, Built Environment and IT,EBIT,https://www.up.ac.za/yearbooks/2026/EBIT-faculty/UG-modules/view/SDO%20420
IMY120,"Digital authoring tools 120",Engineering, Built Environment and IT,EBIT,https://www.up.ac.za/yearbooks/2026/EBIT-faculty/UG-modules/view/IMY%20120
EDC310,"Digital communication 310",Engineering, Built Environment and IT,EBIT,https://www.up.ac.za/yearbooks/2026/EBIT-faculty/UG-modules/view/EDC%20310
ERS220,"Digital systems 220",Engineering, Built Environment and IT,EBIT,https://www.up.ac.za/yearbooks/2026/EBIT-faculty/UG-modules/view/ERS%20220
ESP300,"DSP programming 300",Engineering, Built Environment and IT,EBIT,https://www.up.ac.za/yearbooks/2026/EBIT-faculty/UG-modules/view/ESP%20300
ESP411,"DSP programming and application 411",Engineering, Built Environment and IT,EBIT,https://www.up.ac.za/yearbooks/2026/EBIT-faculty/UG-modules/view/ESP%20411
MSD210,"Dynamics 210",Engineering, Built Environment and IT,EBIT,https://www.up.ac.za/yearbooks/2026/EBIT-faculty/UG-modules/view/MSD%20210
EHN410,"e-Business and network security 410",Engineering, Built Environment and IT,EBIT,https://www.up.ac.za/yearbooks/2026/EBIT-faculty/UG-modules/view/EHN%20410
AAL110,"Earth studies 110",Engineering, Built Environment and IT,EBIT,https://www.up.ac.za/yearbooks/2026/EBIT-faculty/UG-modules/view/AAL%20110
AAL120,"Earth studies 120",Engineering, Built Environment and IT,EBIT,https://www.up.ac.za/yearbooks/2026/EBIT-faculty/UG-modules/view/AAL%20120
AAL210,"Earth studies 210",Engineering, Built Environment and IT,EBIT,https://www.up.ac.za/yearbooks/2026/EBIT-faculty/UG-modules/view/AAL%20210
AAL220,"Earth studies 220",Engineering, Built Environment and IT,EBIT,https://www.up.ac.za/yearbooks/2026/EBIT-faculty/UG-modules/view/AAL%20220
AAL310,"Earth studies 310",Engineering, Built Environment and IT,EBIT,https://www.up.ac.za/yearbooks/2026/EBIT-faculty/UG-modules/view/AAL%20310
AAL320,"Earth studies 320",Engineering, Built Environment and IT,EBIT,https://www.up.ac.za/yearbooks/2026/EBIT-faculty/UG-modules/view/AAL%20320
EAD410,"Electrical drives 410",Engineering, Built Environment and IT,EBIT,https://www.up.ac.za/yearbooks/2026/EBIT-faculty/UG-modules/view/EAD%20410
EIR211,"Electrical engineering 211",Engineering, Built Environment and IT,EBIT,https://www.up.ac.za/yearbooks/2026/EBIT-faculty/UG-modules/view/EIR%20211
EIR221,"Electrical engineering 221",Engineering, Built Environment and IT,EBIT,https://www.up.ac.za/yearbooks/2026/EBIT-faculty/UG-modules/view/EIR%20221
EWE320,"Electrical engineering design 320",Engineering, Built Environment and IT,EBIT,https://www.up.ac.za/yearbooks/2026/EBIT-faculty/UG-modules/view/EWE%20320
ELX311,"Electrical machines 311",Engineering, Built Environment and IT,EBIT,https://www.up.ac.za/yearbooks/2026/EBIT-faculty/UG-modules/view/ELX%20311
EBN111,"Electricity and electronics 111",Engineering, Built Environment and IT,EBIT,https://www.up.ac.za/yearbooks/2026/EBIT-faculty/UG-modules/view/EBN%20111
EBN122,"Electricity and electronics 122",Engineering, Built Environment and IT,EBIT,https://www.up.ac.za/yearbooks/2026/EBIT-faculty/UG-modules/view/EBN%20122
EME310,"Electromagnetic compatibility 310",Engineering, Built Environment and IT,EBIT,https://www.up.ac.za/yearbooks/2026/EBIT-faculty/UG-modules/view/EME%20310
EMZ310,"Electromagnetism 310",Engineering, Built Environment and IT,EBIT,https://www.up.ac.za/yearbooks/2026/EBIT-faculty/UG-modules/view/EMZ%20310
ELO320,"Electronic engineering design 320",Engineering, Built Environment and IT,EBIT,https://www.up.ac.za/yearbooks/2026/EBIT-faculty/UG-modules/view/ELO%20320
MIA320,"Engineering activity and group work 320",Engineering, Built Environment and IT,EBIT,https://www.up.ac.za/yearbooks/2026/EBIT-faculty/UG-modules/view/MIA%20320
MGC110,"Engineering design tools 110",Engineering, Built Environment and IT,EBIT,https://www.up.ac.za/yearbooks/2026/EBIT-faculty/UG-modules/view/MGC%20110
BIE420,"Engineering economics 420",Engineering, Built Environment and IT,EBIT,https://www.up.ac.za/yearbooks/2026/EBIT-faculty/UG-modules/view/BIE%20420
BSS310,"Engineering management 310",Engineering, Built Environment and IT,EBIT,https://www.up.ac.za/yearbooks/2026/EBIT-faculty/UG-modules/view/BSS%20310
IPI410,"Engineering professionalism 410",Engineering, Built Environment and IT,EBIT,https://www.up.ac.za/yearbooks/2026/EBIT-faculty/UG-modules/view/IPI%20410
BES220,"Engineering statistics 220",Engineering, Built Environment and IT,EBIT,https://www.up.ac.za/yearbooks/2026/EBIT-faculty/UG-modules/view/BES%20220
ENG110,"English 110",Humanities,HUM,https://www.up.ac.za/yearbooks/2026/HUM-faculty/UG-modules/view/ENG%20110
ENG120,"English 120",Humanities,HUM,https://www.up.ac.za/yearbooks/2026/HUM-faculty/UG-modules/view/ENG%20120
ENG220,"English 220",Humanities,HUM,https://www.up.ac.za/yearbooks/2026/HUM-faculty/UG-modules/view/ENG%20220
ENG310,"English 310",Humanities,HUM,https://www.up.ac.za/yearbooks/2026/HUM-faculty/UG-modules/view/ENG%20310
ENG320,"English 320",Humanities,HUM,https://www.up.ac.za/yearbooks/2026/HUM-faculty/UG-modules/view/ENG%20320
ENG118,"English for specific purposes 118",Humanities,HUM,https://www.up.ac.za/yearbooks/2026/HUM-faculty/UG-modules/view/ENG%20118
PPY220,"Experiential training 220",Engineering, Built Environment and IT,EBIT,https://www.up.ac.za/yearbooks/2026/EBIT-faculty/UG-modules/view/PPY%20220
PPY320,"Experiential training 320",Engineering, Built Environment and IT,EBIT,https://www.up.ac.za/yearbooks/2026/EBIT-faculty/UG-modules/view/PPY%20320
FRK121,"Financial accounting 121",Economic and Management Sciences,EMS,https://www.up.ac.za/yearbooks/2026/EMS-faculty/UG-modules/view/FRK%20121
FBS210,"Financial management 210",Economic and Management Sciences,EMS,https://www.up.ac.za/yearbooks/2026/EMS-faculty/UG-modules/view/FBS%20210
FBS361,"Financial management 361",Economic and Management Sciences,EMS,https://www.up.ac.za/yearbooks/2026/EMS-faculty/UG-modules/view/FBS%20361
MTV310,"Fluid mechanics 310",Engineering, Built Environment and IT,EBIT,https://www.up.ac.za/yearbooks/2026/EBIT-faculty/UG-modules/view/MTV%20310
FRN113,"French: Cultural-professional (1) 113",Humanities,HUM,https://www.up.ac.za/yearbooks/2026/HUM-faculty/UG-modules/view/FRN%20113
FRN364,"French: Cultural-professional (10) 364",Humanities,HUM,https://www.up.ac.za/yearbooks/2026/HUM-faculty/UG-modules/view/FRN%20364
FRN123,"French: Cultural-professional (2) 123",Humanities,HUM,https://www.up.ac.za/yearbooks/2026/HUM-faculty/UG-modules/view/FRN%20123
FRN361,"French: Cultural-professional (7) 361",Humanities,HUM,https://www.up.ac.za/yearbooks/2026/HUM-faculty/UG-modules/view/FRN%20361
FRN362,"French: Cultural-professional (8) 362",Humanities,HUM,https://www.up.ac.za/yearbooks/2026/HUM-faculty/UG-modules/view/FRN%20362
FRN363,"French: Cultural-professional (9) 363",Humanities,HUM,https://www.up.ac.za/yearbooks/2026/HUM-faculty/UG-modules/view/FRN%20363
FRN211,"French: Intermediate (1) 211",Humanities,HUM,https://www.up.ac.za/yearbooks/2026/HUM-faculty/UG-modules/view/FRN%20211
FRN221,"French: Intermediate (2) 221",Humanities,HUM,https://www.up.ac.za/yearbooks/2026/HUM-faculty/UG-modules/view/FRN%20221
CHM171,"General chemistry 171",Natural and Agricultural Sciences,SCI,https://www.up.ac.za/yearbooks/2026/SCI-faculty/UG-modules/view/CHM%20171
CHM172,"General chemistry 172",Natural and Agricultural Sciences,SCI,https://www.up.ac.za/yearbooks/2026/SCI-faculty/UG-modules/view/CHM%20172
CHM181,"General chemistry 181",Natural and Agricultural Sciences,SCI,https://www.up.ac.za/yearbooks/2026/SCI-faculty/UG-modules/view/CHM%20181
GLY352,"Geodynamics and ore formation 352",Natural and Agricultural Sciences,SCI,https://www.up.ac.za/yearbooks/2026/SCI-faculty/UG-modules/view/GLY%20352
GLY256,"Geology for engineering 256",Natural and Agricultural Sciences,SCI,https://www.up.ac.za/yearbooks/2026/SCI-faculty/UG-modules/view/GLY%20256
SGM323,"Geotechnical engineering 323",Engineering, Built Environment and IT,EBIT,https://www.up.ac.za/yearbooks/2026/EBIT-faculty/UG-modules/view/SGM%20323
DTS113,"German: Cultural-professional (1) 113",Humanities,HUM,https://www.up.ac.za/yearbooks/2026/HUM-faculty/UG-modules/view/DTS%20113
DTS364,"German: Cultural-professional (10) 364",Humanities,HUM,https://www.up.ac.za/yearbooks/2026/HUM-faculty/UG-modules/view/DTS%20364
DTS123,"German: Cultural-professional (2) 123",Humanities,HUM,https://www.up.ac.za/yearbooks/2026/HUM-faculty/UG-modules/view/DTS%20123
DTS361,"German: Cultural-professional (7) 361",Humanities,HUM,https://www.up.ac.za/yearbooks/2026/HUM-faculty/UG-modules/view/DTS%20361
DTS362,"German: Cultural-professional (8) 362",Humanities,HUM,https://www.up.ac.za/yearbooks/2026/HUM-faculty/UG-modules/view/DTS%20362
DTS363,"German: Cultural-professional (9) 363",Humanities,HUM,https://www.up.ac.za/yearbooks/2026/HUM-faculty/UG-modules/view/DTS%20363
DTS211,"German: Intermediate (1) 211",Humanities,HUM,https://www.up.ac.za/yearbooks/2026/HUM-faculty/UG-modules/view/DTS%20211
DTS221,"German: Intermediate (2) 221",Humanities,HUM,https://www.up.ac.za/yearbooks/2026/HUM-faculty/UG-modules/view/DTS%20221
MHM420,"Heat and mass transfer 420",Engineering, Built Environment and IT,EBIT,https://www.up.ac.za/yearbooks/2026/EBIT-faculty/UG-modules/view/MHM%20420
MTV410,"Heat transfer 410",Engineering, Built Environment and IT,EBIT,https://www.up.ac.za/yearbooks/2026/EBIT-faculty/UG-modules/view/MTV%20410
OML110,"History of the environment 110",Engineering, Built Environment and IT,EBIT,https://www.up.ac.za/yearbooks/2026/EBIT-faculty/UG-modules/view/OML%20110
OML120,"History of the environment 120",Engineering, Built Environment and IT,EBIT,https://www.up.ac.za/yearbooks/2026/EBIT-faculty/UG-modules/view/OML%20120
OML210,"History of the environment 210",Engineering, Built Environment and IT,EBIT,https://www.up.ac.za/yearbooks/2026/EBIT-faculty/UG-modules/view/OML%20210
OML220,"History of the environment 220",Engineering, Built Environment and IT,EBIT,https://www.up.ac.za/yearbooks/2026/EBIT-faculty/UG-modules/view/OML%20220
OMG310,"History of the environment 310",Engineering, Built Environment and IT,EBIT,https://www.up.ac.za/yearbooks/2026/EBIT-faculty/UG-modules/view/OMG%20310
OMG320,"History of the environment 320",Engineering, Built Environment and IT,EBIT,https://www.up.ac.za/yearbooks/2026/EBIT-faculty/UG-modules/view/OMG%20320
BHU320,"Housing 320",Engineering, Built Environment and IT,EBIT,https://www.up.ac.za/yearbooks/2026/EBIT-faculty/UG-modules/view/BHU%20320
IMY310,"Human-computer interaction 310",Engineering, Built Environment and IT,EBIT,https://www.up.ac.za/yearbooks/2026/EBIT-faculty/UG-modules/view/IMY%20310
SHC220,"Hydraulics 220",Engineering, Built Environment and IT,EBIT,https://www.up.ac.za/yearbooks/2026/EBIT-faculty/UG-modules/view/SHC%20220
SHC310,"Hydraulics 310",Engineering, Built Environment and IT,EBIT,https://www.up.ac.za/yearbooks/2026/EBIT-faculty/UG-modules/view/SHC%20310
SHC321,"Hydraulics 321",Engineering, Built Environment and IT,EBIT,https://www.up.ac.za/yearbooks/2026/EBIT-faculty/UG-modules/view/SHC%20321
SHC410,"Hydraulics 410",Engineering, Built Environment and IT,EBIT,https://www.up.ac.za/yearbooks/2026/EBIT-faculty/UG-modules/view/SHC%20410
NHM322,"Hydrometallurgy 322",Engineering, Built Environment and IT,EBIT,https://www.up.ac.za/yearbooks/2026/EBIT-faculty/UG-modules/view/NHM%20322
NHM412,"Hydrometallurgy 412",Engineering, Built Environment and IT,EBIT,https://www.up.ac.za/yearbooks/2026/EBIT-faculty/UG-modules/view/NHM%20412
BAN313,"Industrial analysis 313",Engineering, Built Environment and IT,EBIT,https://www.up.ac.za/yearbooks/2026/EBIT-faculty/UG-modules/view/BAN%20313
PNB300,"Industrial excursions 300",Engineering, Built Environment and IT,EBIT,https://www.up.ac.za/yearbooks/2026/EBIT-faculty/UG-modules/view/PNB%20300
NPY316,"Industrial training 316",Engineering, Built Environment and IT,EBIT,https://www.up.ac.za/yearbooks/2026/EBIT-faculty/UG-modules/view/NPY%20316
NPY416,"Industrial training 416",Engineering, Built Environment and IT,EBIT,https://www.up.ac.za/yearbooks/2026/EBIT-faculty/UG-modules/view/NPY%20416
INF271,"Informatics 271",Economic and Management Sciences,EMS,https://www.up.ac.za/yearbooks/2026/EMS-faculty/UG-modules/view/INF%20271
INF272,"Informatics 272",Economic and Management Sciences,EMS,https://www.up.ac.za/yearbooks/2026/EMS-faculty/UG-modules/view/INF%20272
INF315,"Informatics 315",Economic and Management Sciences,EMS,https://www.up.ac.za/yearbooks/2026/EMS-faculty/UG-modules/view/INF%20315
INF324,"Informatics 324",Economic and Management Sciences,EMS,https://www.up.ac.za/yearbooks/2026/EMS-faculty/UG-modules/view/INF%20324
INF354,"Informatics 354",Economic and Management Sciences,EMS,https://www.up.ac.za/yearbooks/2026/EMS-faculty/UG-modules/view/INF%20354
INF370,"Informatics 370",Economic and Management Sciences,EMS,https://www.up.ac.za/yearbooks/2026/EMS-faculty/UG-modules/view/INF%20370
KUB420,"Information and communications technology law 420",Law,LAW,https://www.up.ac.za/yearbooks/2026/LAW-faculty/UG-modules/view/KUB%20420
INL110,"Information science 110",Engineering, Built Environment and IT,EBIT,https://www.up.ac.za/yearbooks/2026/EBIT-faculty/UG-modules/view/INL%20110
INL120,"Information science 120",Engineering, Built Environment and IT,EBIT,https://www.up.ac.za/yearbooks/2026/EBIT-faculty/UG-modules/view/INL%20120
INL130,"Information science 130",Engineering, Built Environment and IT,EBIT,https://www.up.ac.za/yearbooks/2026/EBIT-faculty/UG-modules/view/INL%20130
INL140,"Information science 140",Engineering, Built Environment and IT,EBIT,https://www.up.ac.za/yearbooks/2026/EBIT-faculty/UG-modules/view/INL%20140
INL210,"Information science 210",Engineering, Built Environment and IT,EBIT,https://www.up.ac.za/yearbooks/2026/EBIT-faculty/UG-modules/view/INL%20210
INL220,"Information science 220",Engineering, Built Environment and IT,EBIT,https://www.up.ac.za/yearbooks/2026/EBIT-faculty/UG-modules/view/INL%20220
INL230,"Information science 230",Engineering, Built Environment and IT,EBIT,https://www.up.ac.za/yearbooks/2026/EBIT-faculty/UG-modules/view/INL%20230
INL240,"Information science 240",Engineering, Built Environment and IT,EBIT,https://www.up.ac.za/yearbooks/2026/EBIT-faculty/UG-modules/view/INL%20240
INL260,"Information science 260",Engineering, Built Environment and IT,EBIT,https://www.up.ac.za/yearbooks/2026/EBIT-faculty/UG-modules/view/INL%20260
INL270,"Information science 270",Engineering, Built Environment and IT,EBIT,https://www.up.ac.za/yearbooks/2026/EBIT-faculty/UG-modules/view/INL%20270
INL310,"Information science 310",Engineering, Built Environment and IT,EBIT,https://www.up.ac.za/yearbooks/2026/EBIT-faculty/UG-modules/view/INL%20310
INL320,"Information science 320",Engineering, Built Environment and IT,EBIT,https://www.up.ac.za/yearbooks/2026/EBIT-faculty/UG-modules/view/INL%20320
INL340,"Information science 340",Engineering, Built Environment and IT,EBIT,https://www.up.ac.za/yearbooks/2026/EBIT-faculty/UG-modules/view/INL%20340
INL360,"Information science 360",Engineering, Built Environment and IT,EBIT,https://www.up.ac.za/yearbooks/2026/EBIT-faculty/UG-modules/view/INL%20360
INL380,"Information science 380",Engineering, Built Environment and IT,EBIT,https://www.up.ac.za/yearbooks/2026/EBIT-faculty/UG-modules/view/INL%20380
INL370,"Information science: Work integrated learning and experience 370",Engineering, Built Environment and IT,EBIT,https://www.up.ac.za/yearbooks/2026/EBIT-faculty/UG-modules/view/INL%20370
INF113,"Information systems 113",Economic and Management Sciences,EMS,https://www.up.ac.za/yearbooks/2026/EMS-faculty/UG-modules/view/INF%20113
BID320,"Information systems design 320",Engineering, Built Environment and IT,EBIT,https://www.up.ac.za/yearbooks/2026/EBIT-faculty/UG-modules/view/BID%20320
EIW121,"Information technology practice 121",Engineering, Built Environment and IT,EBIT,https://www.up.ac.za/yearbooks/2026/EBIT-faculty/UG-modules/view/EIW%20121
EIW221,"Information technology practice 221",Engineering, Built Environment and IT,EBIT,https://www.up.ac.za/yearbooks/2026/EBIT-faculty/UG-modules/view/EIW%20221
EIW320,"Information technology practice 320",Engineering, Built Environment and IT,EBIT,https://www.up.ac.za/yearbooks/2026/EBIT-faculty/UG-modules/view/EIW%20320
SVC412,"Infrastructure planning 412",Engineering, Built Environment and IT,EBIT,https://www.up.ac.za/yearbooks/2026/EBIT-faculty/UG-modules/view/SVC%20412
TPW310,"Institutional and legal structures for planning 310",Engineering, Built Environment and IT,EBIT,https://www.up.ac.za/yearbooks/2026/EBIT-faculty/UG-modules/view/TPW%20310
EAI320,"Intelligent systems 320",Engineering, Built Environment and IT,EBIT,https://www.up.ac.za/yearbooks/2026/EBIT-faculty/UG-modules/view/EAI%20320
ISB201,"Interaction Design 201",Engineering, Built Environment and IT,EBIT,https://www.up.ac.za/yearbooks/2026/EBIT-faculty/UG-modules/view/ISB%20201
IMY211,"Interactive technology theory 211",Engineering, Built Environment and IT,EBIT,https://www.up.ac.za/yearbooks/2026/EBIT-faculty/UG-modules/view/IMY%20211
IAU200,"Internal auditing 200",Economic and Management Sciences,EMS,https://www.up.ac.za/yearbooks/2026/EMS-faculty/UG-modules/view/IAU%20200
IAU300,"Internal auditing 300",Economic and Management Sciences,EMS,https://www.up.ac.za/yearbooks/2026/EMS-faculty/UG-modules/view/IAU%20300
OBS359,"International business management 359",Economic and Management Sciences,EMS,https://www.up.ac.za/yearbooks/2026/EMS-faculty/UG-modules/view/OBS%20359
KKR322,"Introduction to construction contract law 322",Engineering, Built Environment and IT,EBIT,https://www.up.ac.za/yearbooks/2026/EBIT-faculty/UG-modules/view/KKR%20322
TPD210,"Introduction to development planning 210",Engineering, Built Environment and IT,EBIT,https://www.up.ac.za/yearbooks/2026/EBIT-faculty/UG-modules/view/TPD%20210
ISB101,"Introduction to interaction design 101",Engineering, Built Environment and IT,EBIT,https://www.up.ac.za/yearbooks/2026/EBIT-faculty/UG-modules/view/ISB%20101
NDE110,"Introduction to isiNdebele Grammar – Capita selecta 110",Humanities,HUM,https://www.up.ac.za/yearbooks/2026/HUM-faculty/UG-modules/view/NDE%20110
ZUL111,"Introduction to isiZulu grammar – Capita selecta 111",Humanities,HUM,https://www.up.ac.za/yearbooks/2026/HUM-faculty/UG-modules/view/ZUL%20111
PMY121,"Introduction to mining 121",Engineering, Built Environment and IT,EBIT,https://www.up.ac.za/yearbooks/2026/EBIT-faculty/UG-modules/view/PMY%20121
FIL251,"Introduction to moral and political philosophy  251",Humanities,HUM,https://www.up.ac.za/yearbooks/2026/HUM-faculty/UG-modules/view/FIL%20251
GGY168,"Introduction to physical geography 168",Natural and Agricultural Sciences,SCI,https://www.up.ac.za/yearbooks/2026/SCI-faculty/UG-modules/view/GGY%20168
TRP110,"Introduction to planning 110",Engineering, Built Environment and IT,EBIT,https://www.up.ac.za/yearbooks/2026/EBIT-faculty/UG-modules/view/TRP%20110
EMR201,"Introduction to programming and computer simulations 201",Engineering, Built Environment and IT,EBIT,https://www.up.ac.za/yearbooks/2026/EBIT-faculty/UG-modules/view/EMR%20201
PSC321,"Introduction to project 321",Engineering, Built Environment and IT,EBIT,https://www.up.ac.za/yearbooks/2026/EBIT-faculty/UG-modules/view/PSC%20321
SEP111,"Introduction to Sepedi grammar - Capita selecta 111",Humanities,HUM,https://www.up.ac.za/yearbooks/2026/HUM-faculty/UG-modules/view/SEP%20111
SKE110,"Introduction to structures 110",Engineering, Built Environment and IT,EBIT,https://www.up.ac.za/yearbooks/2026/EBIT-faculty/UG-modules/view/SKE%20110
JSU110,"Introduction to sustainable engineering I 110",Engineering, Built Environment and IT,EBIT,https://www.up.ac.za/yearbooks/2026/EBIT-faculty/UG-modules/view/JSU%20110
JSU120,"Introduction to sustainable engineering II 120",Engineering, Built Environment and IT,EBIT,https://www.up.ac.za/yearbooks/2026/EBIT-faculty/UG-modules/view/JSU%20120
IMY110,"Introduction to web technologies 110",Engineering, Built Environment and IT,EBIT,https://www.up.ac.za/yearbooks/2026/EBIT-faculty/UG-modules/view/IMY%20110
NDE210,"isiNdebele 210",Humanities,HUM,https://www.up.ac.za/yearbooks/2026/HUM-faculty/UG-modules/view/NDE%20210
NDE310,"isiNdebele 310",Humanities,HUM,https://www.up.ac.za/yearbooks/2026/HUM-faculty/UG-modules/view/NDE%20310
ZUL310,"isiZulu 310",Humanities,HUM,https://www.up.ac.za/yearbooks/2026/HUM-faculty/UG-modules/view/ZUL%20310
ZUL211,"IsiZulu grammar – Capita selecta 211",Humanities,HUM,https://www.up.ac.za/yearbooks/2026/HUM-faculty/UG-modules/view/ZUL%20211
CKN321,"Kinetics 321",Engineering, Built Environment and IT,EBIT,https://www.up.ac.za/yearbooks/2026/EBIT-faculty/UG-modules/view/CKN%20321
CLB321,"Laboratory 321",Engineering, Built Environment and IT,EBIT,https://www.up.ac.za/yearbooks/2026/EBIT-faculty/UG-modules/view/CLB%20321
ABR311,"Labour law 311",Law,LAW,https://www.up.ac.za/yearbooks/2026/LAW-faculty/UG-modules/view/ABR%20311
ELI220,"Linear systems 220",Engineering, Built Environment and IT,EBIT,https://www.up.ac.za/yearbooks/2026/EBIT-faculty/UG-modules/view/ELI%20220
MOW312,"Machine design 312",Engineering, Built Environment and IT,EBIT,https://www.up.ac.za/yearbooks/2026/EBIT-faculty/UG-modules/view/MOW%20312
MII420,"Maintenance engineering 420",Engineering, Built Environment and IT,EBIT,https://www.up.ac.za/yearbooks/2026/EBIT-faculty/UG-modules/view/MII%20420
BSR410,"Management accounting 410",Economic and Management Sciences,EMS,https://www.up.ac.za/yearbooks/2026/EMS-faculty/UG-modules/view/BSR%20410
MOW217,"Manufacturing and design 217",Engineering, Built Environment and IT,EBIT,https://www.up.ac.za/yearbooks/2026/EBIT-faculty/UG-modules/view/MOW%20217
MVS311,"Manufacturing systems 311",Engineering, Built Environment and IT,EBIT,https://www.up.ac.za/yearbooks/2026/EBIT-faculty/UG-modules/view/MVS%20311
CMO310,"Mass transfer 310",Engineering, Built Environment and IT,EBIT,https://www.up.ac.za/yearbooks/2026/EBIT-faculty/UG-modules/view/CMO%20310
NMC113,"Materials science 113",Engineering, Built Environment and IT,EBIT,https://www.up.ac.za/yearbooks/2026/EBIT-faculty/UG-modules/view/NMC%20113
NMC123,"Materials science 123",Engineering, Built Environment and IT,EBIT,https://www.up.ac.za/yearbooks/2026/EBIT-faculty/UG-modules/view/NMC%20123
NMC223,"Materials science 223",Engineering, Built Environment and IT,EBIT,https://www.up.ac.za/yearbooks/2026/EBIT-faculty/UG-modules/view/NMC%20223
NMC313,"Materials science 313",Engineering, Built Environment and IT,EBIT,https://www.up.ac.za/yearbooks/2026/EBIT-faculty/UG-modules/view/NMC%20313
WTW164,"Mathematics 164",Natural and Agricultural Sciences,SCI,https://www.up.ac.za/yearbooks/2026/SCI-faculty/UG-modules/view/WTW%20164
WTW238,"Mathematics 238",Natural and Agricultural Sciences,SCI,https://www.up.ac.za/yearbooks/2026/SCI-faculty/UG-modules/view/WTW%20238
NMM320,"Mechanical metallurgy 320",Engineering, Built Environment and IT,EBIT,https://www.up.ac.za/yearbooks/2026/EBIT-faculty/UG-modules/view/NMM%20320
MBB410,"Mechatronics and control 410",Engineering, Built Environment and IT,EBIT,https://www.up.ac.za/yearbooks/2026/EBIT-faculty/UG-modules/view/MBB%20410
NTC210,"Metallurgical calculations 210",Engineering, Built Environment and IT,EBIT,https://www.up.ac.za/yearbooks/2026/EBIT-faculty/UG-modules/view/NTC%20210
NTV310,"Metallurgical fluid mechanics 310",Engineering, Built Environment and IT,EBIT,https://www.up.ac.za/yearbooks/2026/EBIT-faculty/UG-modules/view/NTV%20310
NPW411,"Metals processing 411",Engineering, Built Environment and IT,EBIT,https://www.up.ac.za/yearbooks/2026/EBIT-faculty/UG-modules/view/NPW%20411
EMK310,"Microprocessors 310",Engineering, Built Environment and IT,EBIT,https://www.up.ac.za/yearbooks/2026/EBIT-faculty/UG-modules/view/EMK%20310
EMZ320,"Microwaves and antennas 320",Engineering, Built Environment and IT,EBIT,https://www.up.ac.za/yearbooks/2026/EBIT-faculty/UG-modules/view/EMZ%20320
PMZ422,"Mine design and research 422",Engineering, Built Environment and IT,EBIT,https://www.up.ac.za/yearbooks/2026/EBIT-faculty/UG-modules/view/PMZ%20422
PMW410,"Mine evaluation 410",Engineering, Built Environment and IT,EBIT,https://www.up.ac.za/yearbooks/2026/EBIT-faculty/UG-modules/view/PMW%20410
PMY423,"Mine operational risk management 423",Engineering, Built Environment and IT,EBIT,https://www.up.ac.za/yearbooks/2026/EBIT-faculty/UG-modules/view/PMY%20423
PEE410,"Mine ventilation engineering 410",Engineering, Built Environment and IT,EBIT,https://www.up.ac.za/yearbooks/2026/EBIT-faculty/UG-modules/view/PEE%20410
GMI210,"Mineralogy 210",Engineering, Built Environment and IT,EBIT,https://www.up.ac.za/yearbooks/2026/EBIT-faculty/UG-modules/view/GMI%20210
NMP310,"Minerals processing 310",Engineering, Built Environment and IT,EBIT,https://www.up.ac.za/yearbooks/2026/EBIT-faculty/UG-modules/view/NMP%20310
NMP411,"Minerals processing 411",Engineering, Built Environment and IT,EBIT,https://www.up.ac.za/yearbooks/2026/EBIT-faculty/UG-modules/view/NMP%20411
PMY320,"Mining 320",Engineering, Built Environment and IT,EBIT,https://www.up.ac.za/yearbooks/2026/EBIT-faculty/UG-modules/view/PMY%20320
PMY410,"Mining 410",Engineering, Built Environment and IT,EBIT,https://www.up.ac.za/yearbooks/2026/EBIT-faculty/UG-modules/view/PMY%20410
PMY220,"Mining technology 220",Engineering, Built Environment and IT,EBIT,https://www.up.ac.za/yearbooks/2026/EBIT-faculty/UG-modules/view/PMY%20220
ENG210,"Modern English literature and English studies 210",Humanities,HUM,https://www.up.ac.za/yearbooks/2026/HUM-faculty/UG-modules/view/ENG%20210
EMS310,"Modulation systems 310",Engineering, Built Environment and IT,EBIT,https://www.up.ac.za/yearbooks/2026/EBIT-faculty/UG-modules/view/EMS%20310
IMY320,"Multimedia 320",Engineering, Built Environment and IT,EBIT,https://www.up.ac.za/yearbooks/2026/EBIT-faculty/UG-modules/view/IMY%20320
IMY300,"Multimedia: Project 300",Engineering, Built Environment and IT,EBIT,https://www.up.ac.za/yearbooks/2026/EBIT-faculty/UG-modules/view/IMY%20300
TPD220,"Municipal development planning 220",Engineering, Built Environment and IT,EBIT,https://www.up.ac.za/yearbooks/2026/EBIT-faculty/UG-modules/view/TPD%20220
TPS322,"Municipal services provision 322",Engineering, Built Environment and IT,EBIT,https://www.up.ac.za/yearbooks/2026/EBIT-faculty/UG-modules/view/TPS%20322
MCS200,"Music technology 200",Humanities,HUM,https://www.up.ac.za/yearbooks/2026/HUM-faculty/UG-modules/view/MCS%20200
MCS302,"Music technology 302",Humanities,HUM,https://www.up.ac.za/yearbooks/2026/HUM-faculty/UG-modules/view/MCS%20302
MCS402,"Music technology 402",Humanities,HUM,https://www.up.ac.za/yearbooks/2026/HUM-faculty/UG-modules/view/MCS%20402
MGS100,"Musicology 100",Humanities,HUM,https://www.up.ac.za/yearbooks/2026/HUM-faculty/UG-modules/view/MGS%20100
MKI420,"Nuclear engineering 420",Engineering, Built Environment and IT,EBIT,https://www.up.ac.za/yearbooks/2026/EBIT-faculty/UG-modules/view/MKI%20420
BOZ312,"Operational research 312",Engineering, Built Environment and IT,EBIT,https://www.up.ac.za/yearbooks/2026/EBIT-faculty/UG-modules/view/BOZ%20312
BON410,"Operational research 410",Engineering, Built Environment and IT,EBIT,https://www.up.ac.za/yearbooks/2026/EBIT-faculty/UG-modules/view/BON%20410
MOO420,"Optimum design 420",Engineering, Built Environment and IT,EBIT,https://www.up.ac.za/yearbooks/2026/EBIT-faculty/UG-modules/view/MOO%20420
CPA410,"Particle technology 410",Engineering, Built Environment and IT,EBIT,https://www.up.ac.za/yearbooks/2026/EBIT-faculty/UG-modules/view/CPA%20410
SGM221,"Pavement materials and design 221",Engineering, Built Environment and IT,EBIT,https://www.up.ac.za/yearbooks/2026/EBIT-faculty/UG-modules/view/SGM%20221
FSK116,"Physics 116",Natural and Agricultural Sciences,SCI,https://www.up.ac.za/yearbooks/2026/SCI-faculty/UG-modules/view/FSK%20116
FSK176,"Physics 176",Natural and Agricultural Sciences,SCI,https://www.up.ac.za/yearbooks/2026/SCI-faculty/UG-modules/view/FSK%20176
TPA210,"Plan and policy analysis and assessment 210",Engineering, Built Environment and IT,EBIT,https://www.up.ac.za/yearbooks/2026/EBIT-faculty/UG-modules/view/TPA%20210
TPH110,"Planning and settlement histories before the Industrial Revolution 110",Engineering, Built Environment and IT,EBIT,https://www.up.ac.za/yearbooks/2026/EBIT-faculty/UG-modules/view/TPH%20110
TPH120,"Planning and settlement histories since the Industrial Revolution 120",Engineering, Built Environment and IT,EBIT,https://www.up.ac.za/yearbooks/2026/EBIT-faculty/UG-modules/view/TPH%20120
TPI453,"Planning interventions: Metropolitan scale 453",Engineering, Built Environment and IT,EBIT,https://www.up.ac.za/yearbooks/2026/EBIT-faculty/UG-modules/view/TPI%20453
TPI452,"Planning interventions: Peri-urban and rural scale 452",Engineering, Built Environment and IT,EBIT,https://www.up.ac.za/yearbooks/2026/EBIT-faculty/UG-modules/view/TPI%20452
TPI451,"Planning interventions: Precinct scale 451",Engineering, Built Environment and IT,EBIT,https://www.up.ac.za/yearbooks/2026/EBIT-faculty/UG-modules/view/TPI%20451
TPI454,"Planning interventions: Supranational, national and provincial scale 454",Engineering, Built Environment and IT,EBIT,https://www.up.ac.za/yearbooks/2026/EBIT-faculty/UG-modules/view/TPI%20454
TRP320,"Planning prospects 320",Engineering, Built Environment and IT,EBIT,https://www.up.ac.za/yearbooks/2026/EBIT-faculty/UG-modules/view/TRP%20320
EDF320,"Power electronics 320",Engineering, Built Environment and IT,EBIT,https://www.up.ac.za/yearbooks/2026/EBIT-faculty/UG-modules/view/EDF%20320
EKK410,"Power system analysis 410",Engineering, Built Environment and IT,EBIT,https://www.up.ac.za/yearbooks/2026/EBIT-faculty/UG-modules/view/EKK%20410
EKK320,"Power system components 320",Engineering, Built Environment and IT,EBIT,https://www.up.ac.za/yearbooks/2026/EBIT-faculty/UG-modules/view/EKK%20320
BPY310,"Practical training 310",Engineering, Built Environment and IT,EBIT,https://www.up.ac.za/yearbooks/2026/EBIT-faculty/UG-modules/view/BPY%20310
ALL124,"Academic literacy for Economic and Management Sciences 124",Humanities,HUM,https://www.up.ac.za/yearbooks/2026/HUM-faculty/UG-modules/view/ALL%20124
ALL126,"Academic literacy for Economic and Management Sciences 126",Humanities,HUM,https://www.up.ac.za/yearbooks/2026/HUM-faculty/UG-modules/view/ALL%20126
ALL133,"Academic literacy for Economic and Management Sciences 133",Humanities,HUM,https://www.up.ac.za/yearbooks/2026/HUM-faculty/UG-modules/view/ALL%20133
ALL143,"Academic literacy for Economic and Management Sciences 143",Humanities,HUM,https://www.up.ac.za/yearbooks/2026/HUM-faculty/UG-modules/view/ALL%20143
UPO104,"Academic orientation 104",Law,LAW,https://www.up.ac.za/yearbooks/2026/LAW-faculty/UG-modules/view/UPO%20104
UPO107,"Academic orientation 107",Economic and Management Sciences,EMS,https://www.up.ac.za/yearbooks/2026/EMS-faculty/UG-modules/view/UPO%20107
UPO120,"Academic orientation 120",Humanities,HUM,https://www.up.ac.za/yearbooks/2026/HUM-faculty/UG-modules/view/UPO%20120
LEK315,"Agricultural economics 315",Natural and Agricultural Sciences,SCI,https://www.up.ac.za/yearbooks/2026/SCI-faculty/UG-modules/view/LEK%20315
LEK332,"Agricultural economics 332",Natural and Agricultural Sciences,SCI,https://www.up.ac.za/yearbooks/2026/SCI-faculty/UG-modules/view/LEK%20332
LEK331,"Agricultural market and price analysis 331",Natural and Agricultural Sciences,SCI,https://www.up.ac.za/yearbooks/2026/SCI-faculty/UG-modules/view/LEK%20331
BAM133,"Basic business mathematics 133",Natural and Agricultural Sciences,SCI,https://www.up.ac.za/yearbooks/2026/SCI-faculty/UG-modules/view/BAM%20133
BAC300,"Business accounting 300",Economic and Management Sciences,EMS,https://www.up.ac.za/yearbooks/2026/EMS-faculty/UG-modules/view/BAC%20300
BAC310,"Business accounting 310",Economic and Management Sciences,EMS,https://www.up.ac.za/yearbooks/2026/EMS-faculty/UG-modules/view/BAC%20310
BUS100,"Business acumen 100",Economic and Management Sciences,EMS,https://www.up.ac.za/yearbooks/2026/EMS-faculty/UG-modules/view/BUS%20100
BUS200,"Business acumen 200",Economic and Management Sciences,EMS,https://www.up.ac.za/yearbooks/2026/EMS-faculty/UG-modules/view/BUS%20200
BUS300,"Business acumen 300",Economic and Management Sciences,EMS,https://www.up.ac.za/yearbooks/2026/EMS-faculty/UG-modules/view/BUS%20300
OBS133,"Business management 133",Economic and Management Sciences,EMS,https://www.up.ac.za/yearbooks/2026/EMS-faculty/UG-modules/view/OBS%20133
OBS143,"Business management 143",Economic and Management Sciences,EMS,https://www.up.ac.za/yearbooks/2026/EMS-faculty/UG-modules/view/OBS%20143
KRG201,"Commercial law 201",Humanities,HUM,https://www.up.ac.za/yearbooks/2026/HUM-faculty/UG-modules/view/KRG%20201
KOB182,"Communication management 182",Economic and Management Sciences,EMS,https://www.up.ac.za/yearbooks/2026/EMS-faculty/UG-modules/view/KOB%20182
KOB184,"Communication management 184",Economic and Management Sciences,EMS,https://www.up.ac.za/yearbooks/2026/EMS-faculty/UG-modules/view/KOB%20184
CMG210,"Communication management 210",Economic and Management Sciences,EMS,https://www.up.ac.za/yearbooks/2026/EMS-faculty/UG-modules/view/CMG%20210
CMG220,"Communication management 220",Economic and Management Sciences,EMS,https://www.up.ac.za/yearbooks/2026/EMS-faculty/UG-modules/view/CMG%20220
KOB281,"Communication management 281",Economic and Management Sciences,EMS,https://www.up.ac.za/yearbooks/2026/EMS-faculty/UG-modules/view/KOB%20281
CMG310,"Communication management 310",Economic and Management Sciences,EMS,https://www.up.ac.za/yearbooks/2026/EMS-faculty/UG-modules/view/CMG%20310
CMG320,"Communication management 320",Economic and Management Sciences,EMS,https://www.up.ac.za/yearbooks/2026/EMS-faculty/UG-modules/view/CMG%20320
VBB220,"Consumer protection 220",Law,LAW,https://www.up.ac.za/yearbooks/2026/LAW-faculty/UG-modules/view/VBB%20220
OBS317,"Design thinking and business innovation 317",Economic and Management Sciences,EMS,https://www.up.ac.za/yearbooks/2026/EMS-faculty/UG-modules/view/OBS%20317
ODR320,"Entrepreneurial law 320",Law,LAW,https://www.up.ac.za/yearbooks/2026/LAW-faculty/UG-modules/view/ODR%20320
FRK133,"Financial accounting 133",Economic and Management Sciences,EMS,https://www.up.ac.za/yearbooks/2026/EMS-faculty/UG-modules/view/FRK%20133
FRK143,"Financial accounting 143",Economic and Management Sciences,EMS,https://www.up.ac.za/yearbooks/2026/EMS-faculty/UG-modules/view/FRK%20143
FDM120,"Financial decision-making 120",Economic and Management Sciences,EMS,https://www.up.ac.za/yearbooks/2026/EMS-faculty/UG-modules/view/FDM%20120
FDM200,"Financial decision-making 200",Economic and Management Sciences,EMS,https://www.up.ac.za/yearbooks/2026/EMS-faculty/UG-modules/view/FDM%20200
FDM300,"Financial decision-making 300",Economic and Management Sciences,EMS,https://www.up.ac.za/yearbooks/2026/EMS-faculty/UG-modules/view/FDM%20300
FBS121,"Financial management 121",Economic and Management Sciences,EMS,https://www.up.ac.za/yearbooks/2026/EMS-faculty/UG-modules/view/FBS%20121
FBS220,"Financial management 220",Economic and Management Sciences,EMS,https://www.up.ac.za/yearbooks/2026/EMS-faculty/UG-modules/view/FBS%20220
FBS222,"Financial management 222",Economic and Management Sciences,EMS,https://www.up.ac.za/yearbooks/2026/EMS-faculty/UG-modules/view/FBS%20222
FBS310,"Financial management 310",Economic and Management Sciences,EMS,https://www.up.ac.za/yearbooks/2026/EMS-faculty/UG-modules/view/FBS%20310
FBS320,"Financial management 320",Economic and Management Sciences,EMS,https://www.up.ac.za/yearbooks/2026/EMS-faculty/UG-modules/view/FBS%20320
RRP100,"Financial reporting 100",Economic and Management Sciences,EMS,https://www.up.ac.za/yearbooks/2026/EMS-faculty/UG-modules/view/RRP%20100
RRP200,"Financial reporting 200",Economic and Management Sciences,EMS,https://www.up.ac.za/yearbooks/2026/EMS-faculty/UG-modules/view/RRP%20200
RRP300,"Financial reporting 300",Economic and Management Sciences,EMS,https://www.up.ac.za/yearbooks/2026/EMS-faculty/UG-modules/view/RRP%20300
IPL220,"Foreign policy analysis and diplomacy 220",Humanities,HUM,https://www.up.ac.za/yearbooks/2026/HUM-faculty/UG-modules/view/IPL%20220
FRN104,"French for beginners 104",Humanities,HUM,https://www.up.ac.za/yearbooks/2026/HUM-faculty/UG-modules/view/FRN%20104
DTS104,"German for beginners 104",Humanities,HUM,https://www.up.ac.za/yearbooks/2026/HUM-faculty/UG-modules/view/DTS%20104
GOA200,"Governance and assurance 200",Economic and Management Sciences,EMS,https://www.up.ac.za/yearbooks/2026/EMS-faculty/UG-modules/view/GOA%20200
GOA300,"Governance and assurance 300",Economic and Management Sciences,EMS,https://www.up.ac.za/yearbooks/2026/EMS-faculty/UG-modules/view/GOA%20300
HRC220,"Human resource management 220",Economic and Management Sciences,EMS,https://www.up.ac.za/yearbooks/2026/EMS-faculty/UG-modules/view/HRC%20220
BDO371,"Human resource practices 371",Economic and Management Sciences,EMS,https://www.up.ac.za/yearbooks/2026/EMS-faculty/UG-modules/view/BDO%20371
BDO121,"Industrial and organisational psychology 121",Economic and Management Sciences,EMS,https://www.up.ac.za/yearbooks/2026/EMS-faculty/UG-modules/view/BDO%20121
BDO214,"Industrial and organisational psychology 214",Economic and Management Sciences,EMS,https://www.up.ac.za/yearbooks/2026/EMS-faculty/UG-modules/view/BDO%20214
BDO224,"Industrial and organisational psychology 224",Economic and Management Sciences,EMS,https://www.up.ac.za/yearbooks/2026/EMS-faculty/UG-modules/view/BDO%20224
BDO272,"Industrial and organisational psychology 272",Economic and Management Sciences,EMS,https://www.up.ac.za/yearbooks/2026/EMS-faculty/UG-modules/view/BDO%20272
BDO319,"Industrial and organisational psychology 319",Economic and Management Sciences,EMS,https://www.up.ac.za/yearbooks/2026/EMS-faculty/UG-modules/view/BDO%20319
BDO329,"Industrial and organisational psychology 329",Economic and Management Sciences,EMS,https://www.up.ac.za/yearbooks/2026/EMS-faculty/UG-modules/view/BDO%20329
BDO372,"Industrial and organisational psychology 372",Economic and Management Sciences,EMS,https://www.up.ac.za/yearbooks/2026/EMS-faculty/UG-modules/view/BDO%20372
BDO373,"Industrial and organisational psychology 373",Economic and Management Sciences,EMS,https://www.up.ac.za/yearbooks/2026/EMS-faculty/UG-modules/view/BDO%20373
INF264,"Informatics 264",Economic and Management Sciences,EMS,https://www.up.ac.za/yearbooks/2026/EMS-faculty/UG-modules/view/INF%20264
ISR310,"Insolvency law 310",Law,LAW,https://www.up.ac.za/yearbooks/2026/LAW-faculty/UG-modules/view/ISR%20310
BEM224,"Integrated marketing communications 224",Economic and Management Sciences,EMS,https://www.up.ac.za/yearbooks/2026/EMS-faculty/UG-modules/view/BEM%20224
BEM356,"Integrated practical marketing project 356",Economic and Management Sciences,EMS,https://www.up.ac.za/yearbooks/2026/EMS-faculty/UG-modules/view/BEM%20356
IPL310,"International political economy 310",Humanities,HUM,https://www.up.ac.za/yearbooks/2026/HUM-faculty/UG-modules/view/IPL%20310
IPL210,"International relations theory and international organisation(s) 210",Humanities,HUM,https://www.up.ac.za/yearbooks/2026/HUM-faculty/UG-modules/view/IPL%20210
LEK324,"Introduction to resource economics 324",Natural and Agricultural Sciences,SCI,https://www.up.ac.za/yearbooks/2026/SCI-faculty/UG-modules/view/LEK%20324
IVM210,"Investment management 210",Economic and Management Sciences,EMS,https://www.up.ac.za/yearbooks/2026/EMS-faculty/UG-modules/view/IVM%20210
IVM220,"Investment management 220",Economic and Management Sciences,EMS,https://www.up.ac.za/yearbooks/2026/EMS-faculty/UG-modules/view/IVM%20220
IVM310,"Investment management 310",Economic and Management Sciences,EMS,https://www.up.ac.za/yearbooks/2026/EMS-faculty/UG-modules/view/IVM%20310
IVM320,"Investment management 320",Economic and Management Sciences,EMS,https://www.up.ac.za/yearbooks/2026/EMS-faculty/UG-modules/view/IVM%20320
JUR110,"Jurisprudence 110",Law,LAW,https://www.up.ac.za/yearbooks/2026/LAW-faculty/UG-modules/view/JUR%20110
JUR120,"Jurisprudence 120",Law,LAW,https://www.up.ac.za/yearbooks/2026/LAW-faculty/UG-modules/view/JUR%20120
KTR211,"Law of contract 211",Law,LAW,https://www.up.ac.za/yearbooks/2026/LAW-faculty/UG-modules/view/KTR%20211
DLR320,"Law of delict 320",Law,LAW,https://www.up.ac.za/yearbooks/2026/LAW-faculty/UG-modules/view/DLR%20320
PSR110,"Law of persons 110",Law,LAW,https://www.up.ac.za/yearbooks/2026/LAW-faculty/UG-modules/view/PSR%20110
ERF222,"Law of succession 222",Law,LAW,https://www.up.ac.za/yearbooks/2026/LAW-faculty/UG-modules/view/ERF%20222
SAR310,"Law of things 310",Law,LAW,https://www.up.ac.za/yearbooks/2026/LAW-faculty/UG-modules/view/SAR%20310
BEM256,"Market offering 256",Economic and Management Sciences,EMS,https://www.up.ac.za/yearbooks/2026/EMS-faculty/UG-modules/view/BEM%20256
STC157,"Mathematical concepts for statistics 157",Economic and Management Sciences,EMS,https://www.up.ac.za/yearbooks/2026/EMS-faculty/UG-modules/view/STC%20157
VHD320,"Payment methods 320",Law,LAW,https://www.up.ac.za/yearbooks/2026/LAW-faculty/UG-modules/view/VHD%20320
BEM315,"Personal selling 315",Economic and Management Sciences,EMS,https://www.up.ac.za/yearbooks/2026/EMS-faculty/UG-modules/view/BEM%20315
STL210,"Political science 210",Humanities,HUM,https://www.up.ac.za/yearbooks/2026/HUM-faculty/UG-modules/view/STL%20210
STL220,"Political science 220",Humanities,HUM,https://www.up.ac.za/yearbooks/2026/HUM-faculty/UG-modules/view/STL%20220
STL310,"Political science 310",Humanities,HUM,https://www.up.ac.za/yearbooks/2026/HUM-faculty/UG-modules/view/STL%20310
STL320,"Political science 320",Humanities,HUM,https://www.up.ac.za/yearbooks/2026/HUM-faculty/UG-modules/view/STL%20320
PTO101,"Politics 101",Humanities,HUM,https://www.up.ac.za/yearbooks/2026/HUM-faculty/UG-modules/view/PTO%20101
BPE221,"Professional ethics 221",Humanities,HUM,https://www.up.ac.za/yearbooks/2026/HUM-faculty/UG-modules/view/BPE%20221
PAD112,"Public administration 112",Economic and Management Sciences,EMS,https://www.up.ac.za/yearbooks/2026/EMS-faculty/UG-modules/view/PAD%20112
PAD122,"Public administration 122",Economic and Management Sciences,EMS,https://www.up.ac.za/yearbooks/2026/EMS-faculty/UG-modules/view/PAD%20122
PAD212,"Public administration 212",Economic and Management Sciences,EMS,https://www.up.ac.za/yearbooks/2026/EMS-faculty/UG-modules/view/PAD%20212
PAD222,"Public administration 222",Economic and Management Sciences,EMS,https://www.up.ac.za/yearbooks/2026/EMS-faculty/UG-modules/view/PAD%20222
PAD312,"Public administration 312",Economic and Management Sciences,EMS,https://www.up.ac.za/yearbooks/2026/EMS-faculty/UG-modules/view/PAD%20312
PAD322,"Public administration 322",Economic and Management Sciences,EMS,https://www.up.ac.za/yearbooks/2026/EMS-faculty/UG-modules/view/PAD%20322
PBL210,"Public Law 210",Law,LAW,https://www.up.ac.za/yearbooks/2026/LAW-faculty/UG-modules/view/PBL%20210
PBL220,"Public Law 220",Law,LAW,https://www.up.ac.za/yearbooks/2026/LAW-faculty/UG-modules/view/PBL%20220
OPB210,"Public management 210",Economic and Management Sciences,EMS,https://www.up.ac.za/yearbooks/2026/EMS-faculty/UG-modules/view/OPB%20210
PUF110,"Public resource management 110",Economic and Management Sciences,EMS,https://www.up.ac.za/yearbooks/2026/EMS-faculty/UG-modules/view/PUF%20110
OBS371,"Responsible leadership 371",Economic and Management Sciences,EMS,https://www.up.ac.za/yearbooks/2026/EMS-faculty/UG-modules/view/OBS%20371
OBS214,"Responsible management 214",Economic and Management Sciences,EMS,https://www.up.ac.za/yearbooks/2026/EMS-faculty/UG-modules/view/OBS%20214
ROM120,"Roman law 120",Law,LAW,https://www.up.ac.za/yearbooks/2026/LAW-faculty/UG-modules/view/ROM%20120
IPL320,"Security and strategic studies 320",Humanities,HUM,https://www.up.ac.za/yearbooks/2026/HUM-faculty/UG-modules/view/IPL%20320
KTH220,"Specific contracts 220",Law,LAW,https://www.up.ac.za/yearbooks/2026/LAW-faculty/UG-modules/view/KTH%20220
STC110,"Statistics 110",Economic and Management Sciences,EMS,https://www.up.ac.za/yearbooks/2026/EMS-faculty/UG-modules/view/STC%20110
STC152,"Statistics 152",Natural and Agricultural Sciences,SCI,https://www.up.ac.za/yearbooks/2026/SCI-faculty/UG-modules/view/STC%20152
OBS216,"Supply chain management 216",Economic and Management Sciences,EMS,https://www.up.ac.za/yearbooks/2026/EMS-faculty/UG-modules/view/OBS%20216
OBS226,"Supply chain management 226",Economic and Management Sciences,EMS,https://www.up.ac.za/yearbooks/2026/EMS-faculty/UG-modules/view/OBS%20226
OBS316,"Supply chain management 316",Economic and Management Sciences,EMS,https://www.up.ac.za/yearbooks/2026/EMS-faculty/UG-modules/view/OBS%20316
OBS326,"Supply chain management 326",Economic and Management Sciences,EMS,https://www.up.ac.za/yearbooks/2026/EMS-faculty/UG-modules/view/OBS%20326
BEL200,"Taxation 200",Economic and Management Sciences,EMS,https://www.up.ac.za/yearbooks/2026/EMS-faculty/UG-modules/view/BEL%20200
TXA201,"Taxation 201",Economic and Management Sciences,EMS,https://www.up.ac.za/yearbooks/2026/EMS-faculty/UG-modules/view/TXA%20201
BEL300,"Taxation 300",Economic and Management Sciences,EMS,https://www.up.ac.za/yearbooks/2026/EMS-faculty/UG-modules/view/BEL%20300
TXA301,"Taxation 301",Economic and Management Sciences,EMS,https://www.up.ac.za/yearbooks/2026/EMS-faculty/UG-modules/view/TXA%20301
TOM210,"Tourism management 210",Economic and Management Sciences,EMS,https://www.up.ac.za/yearbooks/2026/EMS-faculty/UG-modules/view/TOM%20210
TOM220,"Tourism management 220",Economic and Management Sciences,EMS,https://www.up.ac.za/yearbooks/2026/EMS-faculty/UG-modules/view/TOM%20220
TOM310,"Tourism management 310",Economic and Management Sciences,EMS,https://www.up.ac.za/yearbooks/2026/EMS-faculty/UG-modules/view/TOM%20310
TOM320,"Tourism management 320",Economic and Management Sciences,EMS,https://www.up.ac.za/yearbooks/2026/EMS-faculty/UG-modules/view/TOM%20320
BOK380,"Abdomen and mamma 380",Health Sciences,MED,https://www.up.ac.za/yearbooks/2026/MED-faculty/UG-modules/view/BOK%20380
ACO171,"Academic competency in oral health 171",Health Sciences,MED,https://www.up.ac.za/yearbooks/2026/MED-faculty/UG-modules/view/ACO%20171
ELH131,"Academic English for Health Sciences (BClinical Medical Practice)  131",Humanities,HUM,https://www.up.ac.za/yearbooks/2026/HUM-faculty/UG-modules/view/ELH%20131
ELH132,"Academic English for Health Sciences (BClinical Medical Practice) 132",Humanities,HUM,https://www.up.ac.za/yearbooks/2026/HUM-faculty/UG-modules/view/ELH%20132
ELH121,"Academic English for Health Sciences (BNurs, BDietetics, BOH, BOT, BRad and BPhysio) 121",Humanities,HUM,https://www.up.ac.za/yearbooks/2026/HUM-faculty/UG-modules/view/ELH%20121
ELH112,"Academic English for Health Sciences (MBChB and BChD) 112",Humanities,HUM,https://www.up.ac.za/yearbooks/2026/HUM-faculty/UG-modules/view/ELH%20112
ELH111,"Academic English for Health Sciences 111",Humanities,HUM,https://www.up.ac.za/yearbooks/2026/HUM-faculty/UG-modules/view/ELH%20111
ELH122,"Academic English for Health Sciences 122",Humanities,HUM,https://www.up.ac.za/yearbooks/2026/HUM-faculty/UG-modules/view/ELH%20122
UPO110,"Academic orientation 110",Health Sciences,MED,https://www.up.ac.za/yearbooks/2026/MED-faculty/UG-modules/view/UPO%20110
GNK486,"Ageing 486",Health Sciences,MED,https://www.up.ac.za/yearbooks/2026/MED-faculty/UG-modules/view/GNK%20486
TMZ470,"Anaesthesiology 470",Health Sciences,MED,https://www.up.ac.za/yearbooks/2026/MED-faculty/UG-modules/view/TMZ%20470
GNK586,"Anaesthesiology 586",Health Sciences,MED,https://www.up.ac.za/yearbooks/2026/MED-faculty/UG-modules/view/GNK%20586
GNK682,"Anaesthesiology 682",Health Sciences,MED,https://www.up.ac.za/yearbooks/2026/MED-faculty/UG-modules/view/GNK%20682
CMP385,"Anaesthetics 385",Health Sciences,MED,https://www.up.ac.za/yearbooks/2026/MED-faculty/UG-modules/view/CMP%20385
ANP210,"Anatomical pathology 210",Health Sciences,MED,https://www.up.ac.za/yearbooks/2026/MED-faculty/UG-modules/view/ANP%20210
ANP300,"Anatomical pathology 300",Health Sciences,MED,https://www.up.ac.za/yearbooks/2026/MED-faculty/UG-modules/view/ANP%20300
ANP380,"Anatomical pathology 380",Health Sciences,MED,https://www.up.ac.za/yearbooks/2026/MED-faculty/UG-modules/view/ANP%20380
GNK288,"Anatomy (Dissection) 288",Health Sciences,MED,https://www.up.ac.za/yearbooks/2026/MED-faculty/UG-modules/view/GNK%20288
ANA171,"Anatomy 171",Health Sciences,MED,https://www.up.ac.za/yearbooks/2026/MED-faculty/UG-modules/view/ANA%20171
ANA185,"Anatomy 185",Health Sciences,MED,https://www.up.ac.za/yearbooks/2026/MED-faculty/UG-modules/view/ANA%20185
ANA188,"Anatomy 188",Health Sciences,MED,https://www.up.ac.za/yearbooks/2026/MED-faculty/UG-modules/view/ANA%20188
ANA289,"Anatomy 289",Health Sciences,MED,https://www.up.ac.za/yearbooks/2026/MED-faculty/UG-modules/view/ANA%20289
ANA162,"Anatomy of the head and neck  162",Health Sciences,MED,https://www.up.ac.za/yearbooks/2026/MED-faculty/UG-modules/view/ANA%20162
ANA152,"Anatomy of the limbs 152",Health Sciences,MED,https://www.up.ac.za/yearbooks/2026/MED-faculty/UG-modules/view/ANA%20152
ANA161,"Anatomy of the torso 161",Health Sciences,MED,https://www.up.ac.za/yearbooks/2026/MED-faculty/UG-modules/view/ANA%20161
AME380,"Applied medicine 380",Health Sciences,MED,https://www.up.ac.za/yearbooks/2026/MED-faculty/UG-modules/view/AME%20380
AFR111,"Basic conversational Afrikaans 111",Humanities,HUM,https://www.up.ac.za/yearbooks/2026/HUM-faculty/UG-modules/view/AFR%20111
BEC171,"Basic emergency care 171",Health Sciences,MED,https://www.up.ac.za/yearbooks/2026/MED-faculty/UG-modules/view/BEC%20171
GNK286,"Basic emergency care 286",Health Sciences,MED,https://www.up.ac.za/yearbooks/2026/MED-faculty/UG-modules/view/GNK%20286
VDS231,"Basic food preparation and food preparation techniques 231",Natural and Agricultural Sciences,SCI,https://www.up.ac.za/yearbooks/2026/SCI-faculty/UG-modules/view/VDS%20231
SMC213,"Biomechanics I 213",Health Sciences,MED,https://www.up.ac.za/yearbooks/2026/MED-faculty/UG-modules/view/SMC%20213
BGN321,"Biomechanics II 321",Health Sciences,MED,https://www.up.ac.za/yearbooks/2026/MED-faculty/UG-modules/view/BGN%20321
CMY151,"Chemistry 151",Natural and Agricultural Sciences,SCI,https://www.up.ac.za/yearbooks/2026/SCI-faculty/UG-modules/view/CMY%20151
CMP382,"Child health 382",Health Sciences,MED,https://www.up.ac.za/yearbooks/2026/MED-faculty/UG-modules/view/CMP%20382
DTT320,"Clinic and discussion class 320",Health Sciences,MED,https://www.up.ac.za/yearbooks/2026/MED-faculty/UG-modules/view/DTT%20320
CMP181,"Clinical medical practice 181",Health Sciences,MED,https://www.up.ac.za/yearbooks/2026/MED-faculty/UG-modules/view/CMP%20181
CMP182,"Clinical medical practice 182",Health Sciences,MED,https://www.up.ac.za/yearbooks/2026/MED-faculty/UG-modules/view/CMP%20182
CMP281,"Clinical medical practice 281",Health Sciences,MED,https://www.up.ac.za/yearbooks/2026/MED-faculty/UG-modules/view/CMP%20281
CMP282,"Clinical medical practice 282",Health Sciences,MED,https://www.up.ac.za/yearbooks/2026/MED-faculty/UG-modules/view/CMP%20282
FAR280,"Clinical pharmacology 280",Health Sciences,MED,https://www.up.ac.za/yearbooks/2026/MED-faculty/UG-modules/view/FAR%20280
FAR380,"Clinical pharmacology 380",Health Sciences,MED,https://www.up.ac.za/yearbooks/2026/MED-faculty/UG-modules/view/FAR%20380
CDR100,"Clinical practice in diagnostic radiography 100",Health Sciences,MED,https://www.up.ac.za/yearbooks/2026/MED-faculty/UG-modules/view/CDR%20100
CDR200,"Clinical practice in diagnostic radiography 200",Health Sciences,MED,https://www.up.ac.za/yearbooks/2026/MED-faculty/UG-modules/view/CDR%20200
CDR300,"Clinical practice in diagnostic radiography 300",Health Sciences,MED,https://www.up.ac.za/yearbooks/2026/MED-faculty/UG-modules/view/CDR%20300
CDR400,"Clinical practice in diagnostic radiography 400",Health Sciences,MED,https://www.up.ac.za/yearbooks/2026/MED-faculty/UG-modules/view/CDR%20400
CNT321,"Community nutrition 321",Health Sciences,MED,https://www.up.ac.za/yearbooks/2026/MED-faculty/UG-modules/view/CNT%20321
CNT411,"Community nutrition 411",Health Sciences,MED,https://www.up.ac.za/yearbooks/2026/MED-faculty/UG-modules/view/CNT%20411
GNK692,"Community obstetrics 692",Health Sciences,MED,https://www.up.ac.za/yearbooks/2026/MED-faculty/UG-modules/view/GNK%20692
GNK688,"Community-based education 688",Health Sciences,MED,https://www.up.ac.za/yearbooks/2026/MED-faculty/UG-modules/view/GNK%20688
CPM272,"Comprehensive patient management 272",Health Sciences,MED,https://www.up.ac.za/yearbooks/2026/MED-faculty/UG-modules/view/CPM%20272
CPM371,"Comprehensive patient management 371",Health Sciences,MED,https://www.up.ac.za/yearbooks/2026/MED-faculty/UG-modules/view/CPM%20371
CPM480,"Comprehensive patient management 480",Health Sciences,MED,https://www.up.ac.za/yearbooks/2026/MED-faculty/UG-modules/view/CPM%20480
DTT122,"Cultural eating patterns 122",Health Sciences,MED,https://www.up.ac.za/yearbooks/2026/MED-faculty/UG-modules/view/DTT%20122
RAD380,"Diagnostic imaging 380",Health Sciences,MED,https://www.up.ac.za/yearbooks/2026/MED-faculty/UG-modules/view/RAD%20380
RAD480,"Diagnostic imaging 480",Health Sciences,MED,https://www.up.ac.za/yearbooks/2026/MED-faculty/UG-modules/view/RAD%20480
RAD580,"Diagnostic imaging 580",Health Sciences,MED,https://www.up.ac.za/yearbooks/2026/MED-faculty/UG-modules/view/RAD%20580
GNK689,"Diagnostic laboratory medicine 689",Health Sciences,MED,https://www.up.ac.za/yearbooks/2026/MED-faculty/UG-modules/view/GNK%20689
RSC100,"Diagnostic radiographic science 100",Health Sciences,MED,https://www.up.ac.za/yearbooks/2026/MED-faculty/UG-modules/view/RSC%20100
RSC200,"Diagnostic radiographic science 200",Health Sciences,MED,https://www.up.ac.za/yearbooks/2026/MED-faculty/UG-modules/view/RSC%20200
RSC300,"Diagnostic radiographic science 300",Health Sciences,MED,https://www.up.ac.za/yearbooks/2026/MED-faculty/UG-modules/view/RSC%20300
DIR100,"Diagnostic radiography 100",Health Sciences,MED,https://www.up.ac.za/yearbooks/2026/MED-faculty/UG-modules/view/DIR%20100
DIR200,"Diagnostic radiography 200",Health Sciences,MED,https://www.up.ac.za/yearbooks/2026/MED-faculty/UG-modules/view/DIR%20200
DIR300,"Diagnostic radiography 300",Health Sciences,MED,https://www.up.ac.za/yearbooks/2026/MED-faculty/UG-modules/view/DIR%20300
DIR400,"Diagnostic radiography 400",Health Sciences,MED,https://www.up.ac.za/yearbooks/2026/MED-faculty/UG-modules/view/DIR%20400
DTT310,"Dietetic counselling 310",Health Sciences,MED,https://www.up.ac.za/yearbooks/2026/MED-faculty/UG-modules/view/DTT%20310
DTT110,"Dietetic profession 110",Health Sciences,MED,https://www.up.ac.za/yearbooks/2026/MED-faculty/UG-modules/view/DTT%20110
DTT411,"Dietetic profession 411",Health Sciences,MED,https://www.up.ac.za/yearbooks/2026/MED-faculty/UG-modules/view/DTT%20411
GNK481,"Disorders of childhood 481",Health Sciences,MED,https://www.up.ac.za/yearbooks/2026/MED-faculty/UG-modules/view/GNK%20481
GNK488,"Elective 488",Health Sciences,MED,https://www.up.ac.za/yearbooks/2026/MED-faculty/UG-modules/view/GNK%20488
CMP383,"Emergency care 383",Health Sciences,MED,https://www.up.ac.za/yearbooks/2026/MED-faculty/UG-modules/view/CMP%20383
GNK484,"Endocrinology 484",Health Sciences,MED,https://www.up.ac.za/yearbooks/2026/MED-faculty/UG-modules/view/GNK%20484
SMS211,"Event and facility management 211",Health Sciences,MED,https://www.up.ac.za/yearbooks/2026/MED-faculty/UG-modules/view/SMS%20211
SMC212,"Exercise physiology I 212",Health Sciences,MED,https://www.up.ac.za/yearbooks/2026/MED-faculty/UG-modules/view/SMC%20212
SMC221,"Exercise physiology II 221",Health Sciences,MED,https://www.up.ac.za/yearbooks/2026/MED-faculty/UG-modules/view/SMC%20221
SMC320,"Exercise physiology III 320",Health Sciences,MED,https://www.up.ac.za/yearbooks/2026/MED-faculty/UG-modules/view/SMC%20320
PRC301,"Exercise science practice 301",Health Sciences,MED,https://www.up.ac.za/yearbooks/2026/MED-faculty/UG-modules/view/PRC%20301
EXE121,"Exercise science programme development 121",Health Sciences,MED,https://www.up.ac.za/yearbooks/2026/MED-faculty/UG-modules/view/EXE%20121
BGN310,"Exercise science programme development II 310",Health Sciences,MED,https://www.up.ac.za/yearbooks/2026/MED-faculty/UG-modules/view/BGN%20310
GNK691,"Family medicine 691",Health Sciences,MED,https://www.up.ac.za/yearbooks/2026/MED-faculty/UG-modules/view/GNK%20691
VDS232,"Food commodities and preparation 232",Natural and Agricultural Sciences,SCI,https://www.up.ac.za/yearbooks/2026/SCI-faculty/UG-modules/view/VDS%20232
GNK482,"Forensic medicine 482",Health Sciences,MED,https://www.up.ac.za/yearbooks/2026/MED-faculty/UG-modules/view/GNK%20482
GNK587,"Forensic medicine morning rotation 587",Health Sciences,MED,https://www.up.ac.za/yearbooks/2026/MED-faculty/UG-modules/view/GNK%20587
FSD170,"Fundamental knowledge and skills in dentistry 170",Health Sciences,MED,https://www.up.ac.za/yearbooks/2026/MED-faculty/UG-modules/view/FSD%20170
FSD270,"Fundamental knowledge and skills in dentistry 270",Health Sciences,MED,https://www.up.ac.za/yearbooks/2026/MED-faculty/UG-modules/view/FSD%20270
GOM270,"General and oral microbiology 270",Health Sciences,MED,https://www.up.ac.za/yearbooks/2026/MED-faculty/UG-modules/view/GOM%20270
GPS280,"Generic procedural skills 280",Health Sciences,MED,https://www.up.ac.za/yearbooks/2026/MED-faculty/UG-modules/view/GPS%20280
GPS370,"Generic procedural skills 370",Health Sciences,MED,https://www.up.ac.za/yearbooks/2026/MED-faculty/UG-modules/view/GPS%20370
GPS380,"Generic procedural skills 380",Health Sciences,MED,https://www.up.ac.za/yearbooks/2026/MED-faculty/UG-modules/view/GPS%20380
BOK480,"Genital and urinary tract diseases 480",Health Sciences,MED,https://www.up.ac.za/yearbooks/2026/MED-faculty/UG-modules/view/BOK%20480
GNK386,"Haematological malignancies 386",Health Sciences,MED,https://www.up.ac.za/yearbooks/2026/MED-faculty/UG-modules/view/GNK%20386
GNK485,"Head and neck 485",Health Sciences,MED,https://www.up.ac.za/yearbooks/2026/MED-faculty/UG-modules/view/GNK%20485
GNK582,"Health and healthcare 582",Health Sciences,MED,https://www.up.ac.za/yearbooks/2026/MED-faculty/UG-modules/view/GNK%20582
CMP380,"Healthcare systems 380",Health Sciences,MED,https://www.up.ac.za/yearbooks/2026/MED-faculty/UG-modules/view/CMP%20380
GNK381,"Heart and blood vessels 381",Health Sciences,MED,https://www.up.ac.za/yearbooks/2026/MED-faculty/UG-modules/view/GNK%20381
BOK280,"Homeostasis 280",Health Sciences,MED,https://www.up.ac.za/yearbooks/2026/MED-faculty/UG-modules/view/BOK%20280
SMC214,"Human anatomy II 214",Health Sciences,MED,https://www.up.ac.za/yearbooks/2026/MED-faculty/UG-modules/view/SMC%20214
CMP384,"Infectious and chronic diseases 384",Health Sciences,MED,https://www.up.ac.za/yearbooks/2026/MED-faculty/UG-modules/view/CMP%20384
BOK287,"Infectious diseases 287",Health Sciences,MED,https://www.up.ac.za/yearbooks/2026/MED-faculty/UG-modules/view/BOK%20287
IHL112,"Integrated healthcare leadership 112",Health Sciences,MED,https://www.up.ac.za/yearbooks/2026/MED-faculty/UG-modules/view/IHL%20112
IHL120,"Integrated healthcare leadership 120",Humanities,MED,https://www.up.ac.za/yearbooks/2026/MED-faculty/UG-modules/view/IHL%20120
IHL210,"Integrated healthcare leadership 210",Humanities,MED,https://www.up.ac.za/yearbooks/2026/MED-faculty/UG-modules/view/IHL%20210
IHL222,"Integrated healthcare leadership 222",Health Sciences,MED,https://www.up.ac.za/yearbooks/2026/MED-faculty/UG-modules/view/IHL%20222
IHL310,"Integrated healthcare leadership 310",Humanities,MED,https://www.up.ac.za/yearbooks/2026/MED-faculty/UG-modules/view/IHL%20310
IHL322,"Integrated healthcare leadership 322",Health Sciences,MED,https://www.up.ac.za/yearbooks/2026/MED-faculty/UG-modules/view/IHL%20322
IHL324,"Integrated healthcare leadership 324",Health Sciences,MED,https://www.up.ac.za/yearbooks/2026/MED-faculty/UG-modules/view/IHL%20324
IHL400,"Integrated healthcare leadership 400",Health Sciences,MED,https://www.up.ac.za/yearbooks/2026/MED-faculty/UG-modules/view/IHL%20400
IHL412,"Integrated healthcare leadership 412",Health Sciences,MED,https://www.up.ac.za/yearbooks/2026/MED-faculty/UG-modules/view/IHL%20412
IHL422,"Integrated healthcare leadership 422",Health Sciences,MED,https://www.up.ac.za/yearbooks/2026/MED-faculty/UG-modules/view/IHL%20422
DTT480,"Integration in dietetics 480",Health Sciences,MED,https://www.up.ac.za/yearbooks/2026/MED-faculty/UG-modules/view/DTT%20480
GNK683,"Internal medicine 683",Health Sciences,MED,https://www.up.ac.za/yearbooks/2026/MED-faculty/UG-modules/view/GNK%20683
GNK684,"Internal medicine related sub-disciplines 684",Health Sciences,MED,https://www.up.ac.za/yearbooks/2026/MED-faculty/UG-modules/view/GNK%20684
CNT480,"Internship training in community nutrition 480",Health Sciences,MED,https://www.up.ac.za/yearbooks/2026/MED-faculty/UG-modules/view/CNT%20480
FSS480,"Internship training in food service system management 480",Health Sciences,MED,https://www.up.ac.za/yearbooks/2026/MED-faculty/UG-modules/view/FSS%20480
MNX480,"Internship training in medical nutrition therapy 480",Health Sciences,MED,https://www.up.ac.za/yearbooks/2026/MED-faculty/UG-modules/view/MNX%20480
IHL413,"Interprofessional health management 413",Health Sciences,MED,https://www.up.ac.za/yearbooks/2026/MED-faculty/UG-modules/view/IHL%20413
ANA151,"Introduction to anatomy 151",Health Sciences,MED,https://www.up.ac.za/yearbooks/2026/MED-faculty/UG-modules/view/ANA%20151
GNK128,"Introduction to clinical pharmacotherapy 128",Health Sciences,MED,https://www.up.ac.za/yearbooks/2026/MED-faculty/UG-modules/view/GNK%20128
ANA123,"Introduction to human anatomy 123",Health Sciences,MED,https://www.up.ac.za/yearbooks/2026/MED-faculty/UG-modules/view/ANA%20123
RNR200,"Introduction to radiation therapy, nuclear medicine and radiobiology 200",Health Sciences,MED,https://www.up.ac.za/yearbooks/2026/MED-faculty/UG-modules/view/RNR%20200
ZUL119,"isiZulu for beginners 119",Humanities,HUM,https://www.up.ac.za/yearbooks/2026/HUM-faculty/UG-modules/view/ZUL%20119
VDS323,"Large-scale food production 323",Natural and Agricultural Sciences,SCI,https://www.up.ac.za/yearbooks/2026/SCI-faculty/UG-modules/view/VDS%20323
LCP180,"Longitudinal clinic attachment programme 180",Health Sciences,MED,https://www.up.ac.za/yearbooks/2026/MED-faculty/UG-modules/view/LCP%20180
LCP280,"Longitudinal clinic attachment programme 280",Health Sciences,MED,https://www.up.ac.za/yearbooks/2026/MED-faculty/UG-modules/view/LCP%20280
LCP380,"Longitudinal clinic attachment programme 380",Health Sciences,MED,https://www.up.ac.za/yearbooks/2026/MED-faculty/UG-modules/view/LCP%20380
LCP480,"Longitudinal clinic attachment programme 480",Health Sciences,MED,https://www.up.ac.za/yearbooks/2026/MED-faculty/UG-modules/view/LCP%20480
LCP580,"Longitudinal clinic attachment programme 580",Health Sciences,MED,https://www.up.ac.za/yearbooks/2026/MED-faculty/UG-modules/view/LCP%20580
GNK383,"Lungs and chest 383",Health Sciences,MED,https://www.up.ac.za/yearbooks/2026/MED-faculty/UG-modules/view/GNK%20383
RML400,"Management and leadership 400",Health Sciences,MED,https://www.up.ac.za/yearbooks/2026/MED-faculty/UG-modules/view/RML%20400
MOS271,"Maxillo-facial and oral surgery 271",Health Sciences,MED,https://www.up.ac.za/yearbooks/2026/MED-faculty/UG-modules/view/MOS%20271
MOS371,"Maxillo-facial and oral surgery 371",Health Sciences,MED,https://www.up.ac.za/yearbooks/2026/MED-faculty/UG-modules/view/MOS%20371
MOS570,"Maxillo-facial and oral surgery 570",Health Sciences,MED,https://www.up.ac.za/yearbooks/2026/MED-faculty/UG-modules/view/MOS%20570
MFP371,"Maxillo-facial pathology 371",Health Sciences,MED,https://www.up.ac.za/yearbooks/2026/MED-faculty/UG-modules/view/MFP%20371
MFP480,"Maxillo-facial pathology 480",Health Sciences,MED,https://www.up.ac.za/yearbooks/2026/MED-faculty/UG-modules/view/MFP%20480
MFP580,"Maxillo-facial pathology 580",Health Sciences,MED,https://www.up.ac.za/yearbooks/2026/MED-faculty/UG-modules/view/MFP%20580
EXE122,"Measurement and evaluation I 122",Health Sciences,MED,https://www.up.ac.za/yearbooks/2026/MED-faculty/UG-modules/view/EXE%20122
BGN320,"Measurement and evaluation II 320",Health Sciences,MED,https://www.up.ac.za/yearbooks/2026/MED-faculty/UG-modules/view/BGN%20320
GMB252,"Medical microbiology 252",Health Sciences,MED,https://www.up.ac.za/yearbooks/2026/MED-faculty/UG-modules/view/GMB%20252
GMB253,"Medical microbiology 253",Health Sciences,MED,https://www.up.ac.za/yearbooks/2026/MED-faculty/UG-modules/view/GMB%20253
GMB254,"Medical microbiology 254",Health Sciences,MED,https://www.up.ac.za/yearbooks/2026/MED-faculty/UG-modules/view/GMB%20254
MNX310,"Medical nutrition therapy 310",Health Sciences,MED,https://www.up.ac.za/yearbooks/2026/MED-faculty/UG-modules/view/MNX%20310
MNX323,"Medical nutrition therapy 323",Health Sciences,MED,https://www.up.ac.za/yearbooks/2026/MED-faculty/UG-modules/view/MNX%20323
MNX411,"Medical nutrition therapy 411",Health Sciences,MED,https://www.up.ac.za/yearbooks/2026/MED-faculty/UG-modules/view/MNX%20411
MTL180,"Medical terminology 180",Humanities,HUM,https://www.up.ac.za/yearbooks/2026/HUM-faculty/UG-modules/view/MTL%20180
CMP386,"Mental health 386",Health Sciences,MED,https://www.up.ac.za/yearbooks/2026/MED-faculty/UG-modules/view/CMP%20386
GMB171,"Microbiology and immunology 171",Health Sciences,MED,https://www.up.ac.za/yearbooks/2026/MED-faculty/UG-modules/view/GMB%20171
MDW311,"Midwifery: Practical 311",Health Sciences,MED,https://www.up.ac.za/yearbooks/2026/MED-faculty/UG-modules/view/MDW%20311
MDW321,"Midwifery: Practical 321",Health Sciences,MED,https://www.up.ac.za/yearbooks/2026/MED-faculty/UG-modules/view/MDW%20321
MDW411,"Midwifery: practical 411",Health Sciences,MED,https://www.up.ac.za/yearbooks/2026/MED-faculty/UG-modules/view/MDW%20411
MDW421,"Midwifery: practical 421",Health Sciences,MED,https://www.up.ac.za/yearbooks/2026/MED-faculty/UG-modules/view/MDW%20421
MDW310,"Midwifery: Theory 310",Health Sciences,MED,https://www.up.ac.za/yearbooks/2026/MED-faculty/UG-modules/view/MDW%20310
MDW320,"Midwifery: Theory 320",Health Sciences,MED,https://www.up.ac.za/yearbooks/2026/MED-faculty/UG-modules/view/MDW%20320
MDW410,"Midwifery: theory 410",Health Sciences,MED,https://www.up.ac.za/yearbooks/2026/MED-faculty/UG-modules/view/MDW%20410
MDW420,"Midwifery: theory 420",Health Sciences,MED,https://www.up.ac.za/yearbooks/2026/MED-faculty/UG-modules/view/MDW%20420
BOK121,"Molecule to organism 121",Health Sciences,MED,https://www.up.ac.za/yearbooks/2026/MED-faculty/UG-modules/view/BOK%20121
EXE120,"Motor learning and development I 120",Health Sciences,MED,https://www.up.ac.za/yearbooks/2026/MED-faculty/UG-modules/view/EXE%20120
EXE221,"Motor learning and development II 221",Health Sciences,MED,https://www.up.ac.za/yearbooks/2026/MED-faculty/UG-modules/view/EXE%20221
MMI400,"Multimodality imaging 400",Health Sciences,MED,https://www.up.ac.za/yearbooks/2026/MED-faculty/UG-modules/view/MMI%20400
GNK483,"Musculoskeletal conditions 483",Health Sciences,MED,https://www.up.ac.za/yearbooks/2026/MED-faculty/UG-modules/view/GNK%20483
BOK482,"Nervous system 482",Health Sciences,MED,https://www.up.ac.za/yearbooks/2026/MED-faculty/UG-modules/view/BOK%20482
GNK693,"Neurology 693",Health Sciences,MED,https://www.up.ac.za/yearbooks/2026/MED-faculty/UG-modules/view/GNK%20693
NPE110,"Nursing practice education 110",Health Sciences,MED,https://www.up.ac.za/yearbooks/2026/MED-faculty/UG-modules/view/NPE%20110
NPE120,"Nursing practice education 120",Health Sciences,MED,https://www.up.ac.za/yearbooks/2026/MED-faculty/UG-modules/view/NPE%20120
NPE210,"Nursing practice education 210",Health Sciences,MED,https://www.up.ac.za/yearbooks/2026/MED-faculty/UG-modules/view/NPE%20210
NPE220,"Nursing practice education 220",Health Sciences,MED,https://www.up.ac.za/yearbooks/2026/MED-faculty/UG-modules/view/NPE%20220
NPE310,"Nursing practice education 310",Health Sciences,MED,https://www.up.ac.za/yearbooks/2026/MED-faculty/UG-modules/view/NPE%20310
NPE320,"Nursing practice education 320",Health Sciences,MED,https://www.up.ac.za/yearbooks/2026/MED-faculty/UG-modules/view/NPE%20320
NPE410,"Nursing practice education 410",Health Sciences,MED,https://www.up.ac.za/yearbooks/2026/MED-faculty/UG-modules/view/NPE%20410
NPE420,"Nursing practice education 420",Health Sciences,MED,https://www.up.ac.za/yearbooks/2026/MED-faculty/UG-modules/view/NPE%20420
NUR110,"Nursing studies 110",Health Sciences,MED,https://www.up.ac.za/yearbooks/2026/MED-faculty/UG-modules/view/NUR%20110
NUR120,"Nursing studies 120",Health Sciences,MED,https://www.up.ac.za/yearbooks/2026/MED-faculty/UG-modules/view/NUR%20120
NUR210,"Nursing studies 210",Health Sciences,MED,https://www.up.ac.za/yearbooks/2026/MED-faculty/UG-modules/view/NUR%20210
NUR220,"Nursing studies 220",Health Sciences,MED,https://www.up.ac.za/yearbooks/2026/MED-faculty/UG-modules/view/NUR%20220
NUR310,"Nursing studies 310",Health Sciences,MED,https://www.up.ac.za/yearbooks/2026/MED-faculty/UG-modules/view/NUR%20310
NUR320,"Nursing studies 320",Health Sciences,MED,https://www.up.ac.za/yearbooks/2026/MED-faculty/UG-modules/view/NUR%20320
NUR410,"Nursing studies 410",Health Sciences,MED,https://www.up.ac.za/yearbooks/2026/MED-faculty/UG-modules/view/NUR%20410
NUR420,"Nursing studies 420",Health Sciences,MED,https://www.up.ac.za/yearbooks/2026/MED-faculty/UG-modules/view/NUR%20420
DTT223,"Nutrition education 223",Health Sciences,MED,https://www.up.ac.za/yearbooks/2026/MED-faculty/UG-modules/view/DTT%20223
EXE223,"Nutrition for exercise and sport 223",Health Sciences,MED,https://www.up.ac.za/yearbooks/2026/MED-faculty/UG-modules/view/EXE%20223
NTA313,"Nutritional assessment 313",Health Sciences,MED,https://www.up.ac.za/yearbooks/2026/MED-faculty/UG-modules/view/NTA%20313
GNK686,"Obstetrics and gynaecology 686",Health Sciences,MED,https://www.up.ac.za/yearbooks/2026/MED-faculty/UG-modules/view/GNK%20686
OCX100,"Occupational science 100",Health Sciences,MED,https://www.up.ac.za/yearbooks/2026/MED-faculty/UG-modules/view/OCX%20100
OCX200,"Occupational science 200",Health Sciences,MED,https://www.up.ac.za/yearbooks/2026/MED-faculty/UG-modules/view/OCX%20200
OCX303,"Occupational science 303",Health Sciences,MED,https://www.up.ac.za/yearbooks/2026/MED-faculty/UG-modules/view/OCX%20303
OCX311,"Occupational science 311",Health Sciences,MED,https://www.up.ac.za/yearbooks/2026/MED-faculty/UG-modules/view/OCX%20311
OCX312,"Occupational science 312",Health Sciences,MED,https://www.up.ac.za/yearbooks/2026/MED-faculty/UG-modules/view/OCX%20312
OCX400,"Occupational science 400",Health Sciences,MED,https://www.up.ac.za/yearbooks/2026/MED-faculty/UG-modules/view/OCX%20400
OTX100,"Occupational therapy 100",Health Sciences,MED,https://www.up.ac.za/yearbooks/2026/MED-faculty/UG-modules/view/OTX%20100
OTX211,"Occupational therapy 211",Health Sciences,MED,https://www.up.ac.za/yearbooks/2026/MED-faculty/UG-modules/view/OTX%20211
OTX212,"Occupational therapy 212",Health Sciences,MED,https://www.up.ac.za/yearbooks/2026/MED-faculty/UG-modules/view/OTX%20212
OTX221,"Occupational therapy 221",Health Sciences,MED,https://www.up.ac.za/yearbooks/2026/MED-faculty/UG-modules/view/OTX%20221
OTX222,"Occupational therapy 222",Health Sciences,MED,https://www.up.ac.za/yearbooks/2026/MED-faculty/UG-modules/view/OTX%20222
OTX311,"Occupational therapy 311",Health Sciences,MED,https://www.up.ac.za/yearbooks/2026/MED-faculty/UG-modules/view/OTX%20311
OTX322,"Occupational therapy 322",Health Sciences,MED,https://www.up.ac.za/yearbooks/2026/MED-faculty/UG-modules/view/OTX%20322
OTX401,"Occupational therapy 401",Health Sciences,MED,https://www.up.ac.za/yearbooks/2026/MED-faculty/UG-modules/view/OTX%20401
OTX402,"Occupational therapy 402",Health Sciences,MED,https://www.up.ac.za/yearbooks/2026/MED-faculty/UG-modules/view/OTX%20402
ODO271,"Odontology 271",Health Sciences,MED,https://www.up.ac.za/yearbooks/2026/MED-faculty/UG-modules/view/ODO%20271
ODO470,"Odontology 470",Health Sciences,MED,https://www.up.ac.za/yearbooks/2026/MED-faculty/UG-modules/view/ODO%20470
ODO570,"Odontology 570",Health Sciences,MED,https://www.up.ac.za/yearbooks/2026/MED-faculty/UG-modules/view/ODO%20570
OPD370,"Operative dentistry 370",Health Sciences,MED,https://www.up.ac.za/yearbooks/2026/MED-faculty/UG-modules/view/OPD%20370
OBI171,"Oral biology 171",Health Sciences,MED,https://www.up.ac.za/yearbooks/2026/MED-faculty/UG-modules/view/OBI%20171
OBI280,"Oral biology 280",Health Sciences,MED,https://www.up.ac.za/yearbooks/2026/MED-faculty/UG-modules/view/OBI%20280
OHC171,"Oral hygiene clinical practice 171",Health Sciences,MED,https://www.up.ac.za/yearbooks/2026/MED-faculty/UG-modules/view/OHC%20171
OHC271,"Oral hygiene clinical practice 271",Health Sciences,MED,https://www.up.ac.za/yearbooks/2026/MED-faculty/UG-modules/view/OHC%20271
GNK120,"Orientation 120",Health Sciences,MED,https://www.up.ac.za/yearbooks/2026/MED-faculty/UG-modules/view/GNK%20120
MOS470,"Oro-facial surgery 470",Health Sciences,MED,https://www.up.ac.za/yearbooks/2026/MED-faculty/UG-modules/view/MOS%20470
ORD171,"Orthodontics 171",Health Sciences,MED,https://www.up.ac.za/yearbooks/2026/MED-faculty/UG-modules/view/ORD%20171
ORD271,"Orthodontics 271",Health Sciences,MED,https://www.up.ac.za/yearbooks/2026/MED-faculty/UG-modules/view/ORD%20271
ORD372,"Orthodontics 372",Health Sciences,MED,https://www.up.ac.za/yearbooks/2026/MED-faculty/UG-modules/view/ORD%20372
ORD380,"Orthodontics 380",Health Sciences,MED,https://www.up.ac.za/yearbooks/2026/MED-faculty/UG-modules/view/ORD%20380
ORD480,"Orthodontics 480",Health Sciences,MED,https://www.up.ac.za/yearbooks/2026/MED-faculty/UG-modules/view/ORD%20480
ORD580,"Orthodontics 580",Health Sciences,MED,https://www.up.ac.za/yearbooks/2026/MED-faculty/UG-modules/view/ORD%20580
CMP387,"Orthopaedics 387",Health Sciences,MED,https://www.up.ac.za/yearbooks/2026/MED-faculty/UG-modules/view/CMP%20387
GNK681,"Orthopaedics 681",Health Sciences,MED,https://www.up.ac.za/yearbooks/2026/MED-faculty/UG-modules/view/GNK%20681
GNK687,"Paediatrics 687",Health Sciences,MED,https://www.up.ac.za/yearbooks/2026/MED-faculty/UG-modules/view/GNK%20687
BOK285,"Pathological conditions 285",Health Sciences,MED,https://www.up.ac.za/yearbooks/2026/MED-faculty/UG-modules/view/BOK%20285
PSN371,"Patients with special needs 371",Health Sciences,MED,https://www.up.ac.za/yearbooks/2026/MED-faculty/UG-modules/view/PSN%20371
MGW112,"People and their environment 112",Humanities,HUM,https://www.up.ac.za/yearbooks/2026/HUM-faculty/UG-modules/view/MGW%20112
GNK127,"People and their environment 127",Health Sciences,MED,https://www.up.ac.za/yearbooks/2026/MED-faculty/UG-modules/view/GNK%20127
BOK284,"People and their environment 284",Health Sciences,MED,https://www.up.ac.za/yearbooks/2026/MED-faculty/UG-modules/view/BOK%20284
PDL271,"Periodontology 271",Health Sciences,MED,https://www.up.ac.za/yearbooks/2026/MED-faculty/UG-modules/view/PDL%20271
PDL372,"Periodontology 372",Health Sciences,MED,https://www.up.ac.za/yearbooks/2026/MED-faculty/UG-modules/view/PDL%20372
PDL380,"Periodontology 380",Health Sciences,MED,https://www.up.ac.za/yearbooks/2026/MED-faculty/UG-modules/view/PDL%20380
PDL480,"Periodontology 480",Health Sciences,MED,https://www.up.ac.za/yearbooks/2026/MED-faculty/UG-modules/view/PDL%20480
PDL570,"Periodontology 570",Health Sciences,MED,https://www.up.ac.za/yearbooks/2026/MED-faculty/UG-modules/view/PDL%20570
PRM172,"Pharmacology 172",Health Sciences,MED,https://www.up.ac.za/yearbooks/2026/MED-faculty/UG-modules/view/PRM%20172
FAR180,"Pharmacology 180",Health Sciences,MED,https://www.up.ac.za/yearbooks/2026/MED-faculty/UG-modules/view/FAR%20180
PRM370,"Pharmacology 370",Health Sciences,MED,https://www.up.ac.za/yearbooks/2026/MED-faculty/UG-modules/view/PRM%20370
GNK585,"Pharmacotherapy 585",Health Sciences,MED,https://www.up.ac.za/yearbooks/2026/MED-faculty/UG-modules/view/GNK%20585
FSG161,"Physiology 161",Health Sciences,MED,https://www.up.ac.za/yearbooks/2026/MED-faculty/UG-modules/view/FSG%20161
FSG162,"Physiology 162",Health Sciences,MED,https://www.up.ac.za/yearbooks/2026/MED-faculty/UG-modules/view/FSG%20162
PGY171,"Physiology 171",Health Sciences,MED,https://www.up.ac.za/yearbooks/2026/MED-faculty/UG-modules/view/PGY%20171
FSG185,"Physiology 185",Health Sciences,MED,https://www.up.ac.za/yearbooks/2026/MED-faculty/UG-modules/view/FSG%20185
FSG251,"Physiology 251",Health Sciences,MED,https://www.up.ac.za/yearbooks/2026/MED-faculty/UG-modules/view/FSG%20251
FSG252,"Physiology 252",Health Sciences,MED,https://www.up.ac.za/yearbooks/2026/MED-faculty/UG-modules/view/FSG%20252
FSG261,"Physiology 261",Health Sciences,MED,https://www.up.ac.za/yearbooks/2026/MED-faculty/UG-modules/view/FSG%20261
FSG262,"Physiology 262",Health Sciences,MED,https://www.up.ac.za/yearbooks/2026/MED-faculty/UG-modules/view/FSG%20262
PGY280,"Physiology 280",Health Sciences,MED,https://www.up.ac.za/yearbooks/2026/MED-faculty/UG-modules/view/PGY%20280
FTP101,"Physiotherapy 101",Health Sciences,MED,https://www.up.ac.za/yearbooks/2026/MED-faculty/UG-modules/view/FTP%20101
FTP204,"Physiotherapy 204",Health Sciences,MED,https://www.up.ac.za/yearbooks/2026/MED-faculty/UG-modules/view/FTP%20204
FTP303,"Physiotherapy 303",Health Sciences,MED,https://www.up.ac.za/yearbooks/2026/MED-faculty/UG-modules/view/FTP%20303
FTP403,"Physiotherapy 403",Health Sciences,MED,https://www.up.ac.za/yearbooks/2026/MED-faculty/UG-modules/view/FTP%20403
FTP221,"Physiotherapy clinical practice 221",Health Sciences,MED,https://www.up.ac.za/yearbooks/2026/MED-faculty/UG-modules/view/FTP%20221
FTP304,"Physiotherapy clinical practice 304",Health Sciences,MED,https://www.up.ac.za/yearbooks/2026/MED-faculty/UG-modules/view/FTP%20304
FTP404,"Physiotherapy clinical practice 404",Health Sciences,MED,https://www.up.ac.za/yearbooks/2026/MED-faculty/UG-modules/view/FTP%20404
GNK385,"Preceptorship 385",Health Sciences,MED,https://www.up.ac.za/yearbooks/2026/MED-faculty/UG-modules/view/GNK%20385
BOK382,"Pregnancy and neonatology 382",Health Sciences,MED,https://www.up.ac.za/yearbooks/2026/MED-faculty/UG-modules/view/BOK%20382
PRD380,"Prosthodontics 380",Health Sciences,MED,https://www.up.ac.za/yearbooks/2026/MED-faculty/UG-modules/view/PRD%20380
PRD470,"Prosthodontics 470",Health Sciences,MED,https://www.up.ac.za/yearbooks/2026/MED-faculty/UG-modules/view/PRD%20470
PRD580,"Prosthodontics 580",Health Sciences,MED,https://www.up.ac.za/yearbooks/2026/MED-faculty/UG-modules/view/PRD%20580
GNK685,"Psychiatry 685",Health Sciences,MED,https://www.up.ac.za/yearbooks/2026/MED-faculty/UG-modules/view/GNK%20685
GNK581,"Psychiatry and social dysfunction 581",Health Sciences,MED,https://www.up.ac.za/yearbooks/2026/MED-faculty/UG-modules/view/GNK%20581
POH271,"Public oral health 271",Health Sciences,MED,https://www.up.ac.za/yearbooks/2026/MED-faculty/UG-modules/view/POH%20271
POH372,"Public oral health 372",Health Sciences,MED,https://www.up.ac.za/yearbooks/2026/MED-faculty/UG-modules/view/POH%20372
POH380,"Public oral health 380",Health Sciences,MED,https://www.up.ac.za/yearbooks/2026/MED-faculty/UG-modules/view/POH%20380
POH470,"Public oral health 470",Health Sciences,MED,https://www.up.ac.za/yearbooks/2026/MED-faculty/UG-modules/view/POH%20470
POH570,"Public oral health 570",Health Sciences,MED,https://www.up.ac.za/yearbooks/2026/MED-faculty/UG-modules/view/POH%20570
RPH100,"Radiation physics 100",Health Sciences,MED,https://www.up.ac.za/yearbooks/2026/MED-faculty/UG-modules/view/RPH%20100
RPH200,"Radiation physics 200",Health Sciences,MED,https://www.up.ac.za/yearbooks/2026/MED-faculty/UG-modules/view/RPH%20200
RPH300,"Radiation physics 300",Health Sciences,MED,https://www.up.ac.za/yearbooks/2026/MED-faculty/UG-modules/view/RPH%20300
RAN280,"Radiographic  anatomy 280",Health Sciences,MED,https://www.up.ac.za/yearbooks/2026/MED-faculty/UG-modules/view/RAN%20280
RAN100,"Radiographic anatomy 100",Health Sciences,MED,https://www.up.ac.za/yearbooks/2026/MED-faculty/UG-modules/view/RAN%20100
RAN380,"Radiographic anatomy 380",Health Sciences,MED,https://www.up.ac.za/yearbooks/2026/MED-faculty/UG-modules/view/RAN%20380
RAD272,"Radiography 272",Health Sciences,MED,https://www.up.ac.za/yearbooks/2026/MED-faculty/UG-modules/view/RAD%20272
RCH270,"Research 270",Health Sciences,MED,https://www.up.ac.za/yearbooks/2026/MED-faculty/UG-modules/view/RCH%20270
EXE111,"Research I 111",Health Sciences,MED,https://www.up.ac.za/yearbooks/2026/MED-faculty/UG-modules/view/EXE%20111
EXE301,"Research II 301",Health Sciences,MED,https://www.up.ac.za/yearbooks/2026/MED-faculty/UG-modules/view/EXE%20301
RHC400,"Research in healthcare sciences 400",Health Sciences,MED,https://www.up.ac.za/yearbooks/2026/MED-faculty/UG-modules/view/RHC%20400
RHC300,"Research methodology for healthcare sciences 300",Humanities,MED,https://www.up.ac.za/yearbooks/2026/MED-faculty/UG-modules/view/RHC%20300
SEP119,"Sepedi for beginners 119",Humanities,HUM,https://www.up.ac.za/yearbooks/2026/HUM-faculty/UG-modules/view/SEP%20119
GNK487,"Skin 487",Health Sciences,MED,https://www.up.ac.za/yearbooks/2026/MED-faculty/UG-modules/view/GNK%20487
SMO121,"Special study module 121",Health Sciences,MED,https://www.up.ac.za/yearbooks/2026/MED-faculty/UG-modules/view/SMO%20121
SMO211,"Special study module 211",Health Sciences,MED,https://www.up.ac.za/yearbooks/2026/MED-faculty/UG-modules/view/SMO%20211
SMO281,"Special study module 281",Health Sciences,MED,https://www.up.ac.za/yearbooks/2026/MED-faculty/UG-modules/view/SMO%20281
SMO311,"Special study module 311",Health Sciences,MED,https://www.up.ac.za/yearbooks/2026/MED-faculty/UG-modules/view/SMO%20311
SMO380,"Special study module 380",Health Sciences,MED,https://www.up.ac.za/yearbooks/2026/MED-faculty/UG-modules/view/SMO%20380
SMO382,"Special study module 382",Health Sciences,MED,https://www.up.ac.za/yearbooks/2026/MED-faculty/UG-modules/view/SMO%20382
SMO411,"Special study module 411",Health Sciences,MED,https://www.up.ac.za/yearbooks/2026/MED-faculty/UG-modules/view/SMO%20411
SMO511,"Special study module 511",Health Sciences,MED,https://www.up.ac.za/yearbooks/2026/MED-faculty/UG-modules/view/SMO%20511
SMO512,"Special study module 512",Health Sciences,MED,https://www.up.ac.za/yearbooks/2026/MED-faculty/UG-modules/view/SMO%20512
EXE110,"Sports injuries I 110",Health Sciences,MED,https://www.up.ac.za/yearbooks/2026/MED-faculty/UG-modules/view/EXE%20110
EXE222,"Sports injuries II 222",Health Sciences,MED,https://www.up.ac.za/yearbooks/2026/MED-faculty/UG-modules/view/EXE%20222
EXE310,"Sports injuries III 310",Health Sciences,MED,https://www.up.ac.za/yearbooks/2026/MED-faculty/UG-modules/view/EXE%20310
PRC100,"Sports practical 100",Health Sciences,MED,https://www.up.ac.za/yearbooks/2026/MED-faculty/UG-modules/view/PRC%20100
PRC201,"Sports practical II 201",Health Sciences,MED,https://www.up.ac.za/yearbooks/2026/MED-faculty/UG-modules/view/PRC%20201
MBK212,"Sports psychology 212",Health Sciences,MED,https://www.up.ac.za/yearbooks/2026/MED-faculty/UG-modules/view/MBK%20212
GNK680,"Surgery 680",Health Sciences,MED,https://www.up.ac.za/yearbooks/2026/MED-faculty/UG-modules/view/GNK%20680
GNK583,"Traumatology 583",Health Sciences,MED,https://www.up.ac.za/yearbooks/2026/MED-faculty/UG-modules/view/GNK%20583
GNK690,"Urology 690",Health Sciences,MED,https://www.up.ac.za/yearbooks/2026/MED-faculty/UG-modules/view/GNK%20690
CMP381,"Women's health 381",Health Sciences,MED,https://www.up.ac.za/yearbooks/2026/MED-faculty/UG-modules/view/CMP%20381
ALL110,"Academic literacy 110",Humanities,HUM,https://www.up.ac.za/yearbooks/2026/HUM-faculty/UG-modules/view/ALL%20110
ALL125,"Academic literacy for Humanities 125",Humanities,HUM,https://www.up.ac.za/yearbooks/2026/HUM-faculty/UG-modules/view/ALL%20125
UPO101,"Academic orientation 101",Humanities,HUM,https://www.up.ac.za/yearbooks/2026/HUM-faculty/UG-modules/view/UPO%20101
AUD310,"Advanced clinical audiology 310",Humanities,HUM,https://www.up.ac.za/yearbooks/2026/HUM-faculty/UG-modules/view/AUD%20310
AUD381,"Advanced clinical audiology: Practicum 381",Humanities,HUM,https://www.up.ac.za/yearbooks/2026/HUM-faculty/UG-modules/view/AUD%20381
AFR114,"Afrikaans 114",Humanities,HUM,https://www.up.ac.za/yearbooks/2026/HUM-faculty/UG-modules/view/AFR%20114
AFR210,"Afrikaans 210",Humanities,HUM,https://www.up.ac.za/yearbooks/2026/HUM-faculty/UG-modules/view/AFR%20210
ANA111,"Anatomy 111",Humanities,MED,https://www.up.ac.za/yearbooks/2026/MED-faculty/UG-modules/view/ANA%20111
AKG110,"Ancient culture studies 110",Humanities,HUM,https://www.up.ac.za/yearbooks/2026/HUM-faculty/UG-modules/view/AKG%20110
AKG120,"Ancient culture studies 120",Humanities,HUM,https://www.up.ac.za/yearbooks/2026/HUM-faculty/UG-modules/view/AKG%20120
AKG210,"Ancient culture studies 210",Humanities,HUM,https://www.up.ac.za/yearbooks/2026/HUM-faculty/UG-modules/view/AKG%20210
AKG220,"Ancient culture studies 220",Humanities,HUM,https://www.up.ac.za/yearbooks/2026/HUM-faculty/UG-modules/view/AKG%20220
AKG310,"Ancient culture studies 310",Humanities,HUM,https://www.up.ac.za/yearbooks/2026/HUM-faculty/UG-modules/view/AKG%20310
AKG320,"Ancient culture studies 320",Humanities,HUM,https://www.up.ac.za/yearbooks/2026/HUM-faculty/UG-modules/view/AKG%20320
GRK110,"Ancient Greek 110",Humanities,HUM,https://www.up.ac.za/yearbooks/2026/HUM-faculty/UG-modules/view/GRK%20110
GRK120,"Ancient Greek 120",Humanities,HUM,https://www.up.ac.za/yearbooks/2026/HUM-faculty/UG-modules/view/GRK%20120
GRK210,"Ancient Greek 210",Humanities,HUM,https://www.up.ac.za/yearbooks/2026/HUM-faculty/UG-modules/view/GRK%20210
GRK220,"Ancient Greek 220",Humanities,HUM,https://www.up.ac.za/yearbooks/2026/HUM-faculty/UG-modules/view/GRK%20220
REL220,"Ancient religions and health 220",Theology and Religion,THEO,https://www.up.ac.za/yearbooks/2026/THEO-faculty/UG-modules/view/REL%20220
AGL320,"Applied Archaeology 320",Humanities,HUM,https://www.up.ac.za/yearbooks/2026/HUM-faculty/UG-modules/view/AGL%20320
AGL310,"Archaeological theory 310",Humanities,HUM,https://www.up.ac.za/yearbooks/2026/HUM-faculty/UG-modules/view/AGL%20310
AGL220,"Archaeology 220",Humanities,HUM,https://www.up.ac.za/yearbooks/2026/HUM-faculty/UG-modules/view/AGL%20220
AGL210,"Archaeology of Southern Africa 210",Humanities,HUM,https://www.up.ac.za/yearbooks/2026/HUM-faculty/UG-modules/view/AGL%20210
SOA400,"Arts research and methodology 400",Humanities,HUM,https://www.up.ac.za/yearbooks/2026/HUM-faculty/UG-modules/view/SOA%20400
GES210,"Aspects of African history 210",Humanities,HUM,https://www.up.ac.za/yearbooks/2026/HUM-faculty/UG-modules/view/GES%20210
AUD281,"Audiovestibular screening, assessment and intervention: Practicum 281",Humanities,HUM,https://www.up.ac.za/yearbooks/2026/HUM-faculty/UG-modules/view/AUD%20281
AUD221,"Auditory processing, vestibular and perceptual disorders 221",Humanities,HUM,https://www.up.ac.za/yearbooks/2026/HUM-faculty/UG-modules/view/AUD%20221
AUD211,"Aural rehabilitation across the lifespan 211",Humanities,HUM,https://www.up.ac.za/yearbooks/2026/HUM-faculty/UG-modules/view/AUD%20211
SLP211,"Aural rehabilitation across the lifespan 211",Humanities,HUM,https://www.up.ac.za/yearbooks/2026/HUM-faculty/UG-modules/view/SLP%20211
GHO100,"Aural training 100",Humanities,HUM,https://www.up.ac.za/yearbooks/2026/HUM-faculty/UG-modules/view/GHO%20100
GHO200,"Aural training 200",Humanities,HUM,https://www.up.ac.za/yearbooks/2026/HUM-faculty/UG-modules/view/GHO%20200
AUD181,"Basic audiovestibular testing: Practicum 181",Humanities,HUM,https://www.up.ac.za/yearbooks/2026/HUM-faculty/UG-modules/view/AUD%20181
BYT251,"Biblical languages 251",Humanities,HUM,https://www.up.ac.za/yearbooks/2026/HUM-faculty/UG-modules/view/BYT%20251
BYT311,"Biblical languages 311",Humanities,HUM,https://www.up.ac.za/yearbooks/2026/HUM-faculty/UG-modules/view/BYT%20311
BYT312,"Biblical languages 312",Humanities,HUM,https://www.up.ac.za/yearbooks/2026/HUM-faculty/UG-modules/view/BYT%20312
BYT321,"Biblical languages 321",Humanities,HUM,https://www.up.ac.za/yearbooks/2026/HUM-faculty/UG-modules/view/BYT%20321
BYT322,"Biblical languages 322",Humanities,HUM,https://www.up.ac.za/yearbooks/2026/HUM-faculty/UG-modules/view/BYT%20322
MCS300,"Capita selecta: Music 300",Humanities,HUM,https://www.up.ac.za/yearbooks/2026/HUM-faculty/UG-modules/view/MCS%20300
MCS401,"Capita selecta: Music 401",Humanities,HUM,https://www.up.ac.za/yearbooks/2026/HUM-faculty/UG-modules/view/MCS%20401
MCS201,"Chamber music 201",Humanities,HUM,https://www.up.ac.za/yearbooks/2026/HUM-faculty/UG-modules/view/MCS%20201
HEB110,"Classical Hebrew 110",Humanities,HUM,https://www.up.ac.za/yearbooks/2026/HUM-faculty/UG-modules/view/HEB%20110
HEB120,"Classical Hebrew 120",Humanities,HUM,https://www.up.ac.za/yearbooks/2026/HUM-faculty/UG-modules/view/HEB%20120
HEB210,"Classical Hebrew 210",Humanities,HUM,https://www.up.ac.za/yearbooks/2026/HUM-faculty/UG-modules/view/HEB%20210
HEB220,"Classical Hebrew 220",Humanities,HUM,https://www.up.ac.za/yearbooks/2026/HUM-faculty/UG-modules/view/HEB%20220
SLP482,"Clinical management and support in various education, work and social contexts: Practicum 482",Humanities,HUM,https://www.up.ac.za/yearbooks/2026/HUM-faculty/UG-modules/view/SLP%20482
SLP481,"Clinical management and support in various health care and community settings 481",Humanities,HUM,https://www.up.ac.za/yearbooks/2026/HUM-faculty/UG-modules/view/SLP%20481
SLP320,"Cognitive-communication disorders and dysphagia arising from neurodegenerative disorders 320",Humanities,HUM,https://www.up.ac.za/yearbooks/2026/HUM-faculty/UG-modules/view/SLP%20320
SSL110,"Communication processes and introduction to linguistics 110",Humanities,HUM,https://www.up.ac.za/yearbooks/2026/HUM-faculty/UG-modules/view/SSL%20110
SOA210,"Community arts in practice 210",Humanities,HUM,https://www.up.ac.za/yearbooks/2026/HUM-faculty/UG-modules/view/SOA%20210
AUD382,"Community-based and preventative audiology: Practicum 382",Humanities,HUM,https://www.up.ac.za/yearbooks/2026/HUM-faculty/UG-modules/view/AUD%20382
KPS400,"Composition portfolio 400",Humanities,HUM,https://www.up.ac.za/yearbooks/2026/HUM-faculty/UG-modules/view/KPS%20400
FIL210,"Contesting modernities 210",Humanities,HUM,https://www.up.ac.za/yearbooks/2026/HUM-faculty/UG-modules/view/FIL%20210
KRM310,"Criminology 310",Humanities,HUM,https://www.up.ac.za/yearbooks/2026/HUM-faculty/UG-modules/view/KRM%20310
KRM320,"Criminology 320",Humanities,HUM,https://www.up.ac.za/yearbooks/2026/HUM-faculty/UG-modules/view/KRM%20320
IOW301,"Design and imaging research 301",Humanities,HUM,https://www.up.ac.za/yearbooks/2026/HUM-faculty/UG-modules/view/IOW%20301
VKK402,"Design studies 402",Humanities,HUM,https://www.up.ac.za/yearbooks/2026/HUM-faculty/UG-modules/view/VKK%20402
AUD210,"Differential audiological assessment 210",Humanities,HUM,https://www.up.ac.za/yearbooks/2026/HUM-faculty/UG-modules/view/AUD%20210
DFK110,"Drama and film studies 110",Humanities,HUM,https://www.up.ac.za/yearbooks/2026/HUM-faculty/UG-modules/view/DFK%20110
DFK120,"Drama and film studies 120",Humanities,HUM,https://www.up.ac.za/yearbooks/2026/HUM-faculty/UG-modules/view/DFK%20120
DFK210,"Drama and film studies 210",Humanities,HUM,https://www.up.ac.za/yearbooks/2026/HUM-faculty/UG-modules/view/DFK%20210
DFK220,"Drama and film studies 220",Humanities,HUM,https://www.up.ac.za/yearbooks/2026/HUM-faculty/UG-modules/view/DFK%20220
DFK310,"Drama and film studies 310",Humanities,HUM,https://www.up.ac.za/yearbooks/2026/HUM-faculty/UG-modules/view/DFK%20310
DFK320,"Drama and film studies 320",Humanities,HUM,https://www.up.ac.za/yearbooks/2026/HUM-faculty/UG-modules/view/DFK%20320
REL210,"Dynamics of religion 210",Theology and Religion,THEO,https://www.up.ac.za/yearbooks/2026/THEO-faculty/UG-modules/view/REL%20210
SLP222,"Early communication intervention and auditory processing disorder 222",Humanities,HUM,https://www.up.ac.za/yearbooks/2026/HUM-faculty/UG-modules/view/SLP%20222
OPV112,"Education 112",Education,EDU,https://www.up.ac.za/yearbooks/2026/EDU-faculty/UG-modules/view/OPV%20112
OPV122,"Education 122",Education,EDU,https://www.up.ac.za/yearbooks/2026/EDU-faculty/UG-modules/view/OPV%20122
OPV212,"Education 212",Education,EDU,https://www.up.ac.za/yearbooks/2026/EDU-faculty/UG-modules/view/OPV%20212
OPV222,"Education 222",Education,EDU,https://www.up.ac.za/yearbooks/2026/EDU-faculty/UG-modules/view/OPV%20222
OPV312,"Education 312",Education,EDU,https://www.up.ac.za/yearbooks/2026/EDU-faculty/UG-modules/view/OPV%20312
OPV322,"Education 322",Education,EDU,https://www.up.ac.za/yearbooks/2026/EDU-faculty/UG-modules/view/OPV%20322
AUD420,"Emerging trends in audiology 420",Humanities,HUM,https://www.up.ac.za/yearbooks/2026/HUM-faculty/UG-modules/view/AUD%20420
FMR121,"Family law 121",Law,LAW,https://www.up.ac.za/yearbooks/2026/LAW-faculty/UG-modules/view/FMR%20121
BKK101,"Fine arts (1) 101",Humanities,HUM,https://www.up.ac.za/yearbooks/2026/HUM-faculty/UG-modules/view/BKK%20101
BKK201,"Fine arts (2) 201",Humanities,HUM,https://www.up.ac.za/yearbooks/2026/HUM-faculty/UG-modules/view/BKK%20201
BKK301,"Fine arts (3) 301",Humanities,HUM,https://www.up.ac.za/yearbooks/2026/HUM-faculty/UG-modules/view/BKK%20301
BKK400,"Fine arts (4) 400",Humanities,HUM,https://www.up.ac.za/yearbooks/2026/HUM-faculty/UG-modules/view/BKK%20400
BKK401,"Fine arts 401",Humanities,HUM,https://www.up.ac.za/yearbooks/2026/HUM-faculty/UG-modules/view/BKK%20401
MEI100,"First instrument 100",Humanities,HUM,https://www.up.ac.za/yearbooks/2026/HUM-faculty/UG-modules/view/MEI%20100
MEI200,"First instrument 200",Humanities,HUM,https://www.up.ac.za/yearbooks/2026/HUM-faculty/UG-modules/view/MEI%20200
MEI300,"First instrument 300",Humanities,HUM,https://www.up.ac.za/yearbooks/2026/HUM-faculty/UG-modules/view/MEI%20300
MEI400,"First instrument 400",Humanities,HUM,https://www.up.ac.za/yearbooks/2026/HUM-faculty/UG-modules/view/MEI%20400
MEI403,"First instrument 403",Humanities,HUM,https://www.up.ac.za/yearbooks/2026/HUM-faculty/UG-modules/view/MEI%20403
GHO102,"Foundation in Aural training 102",Humanities,HUM,https://www.up.ac.za/yearbooks/2026/HUM-faculty/UG-modules/view/GHO%20102
DFK101,"Foundation in drama and film studies 101",Humanities,HUM,https://www.up.ac.za/yearbooks/2026/HUM-faculty/UG-modules/view/DFK%20101
BKK110,"Foundation in form and material 110",Humanities,HUM,https://www.up.ac.za/yearbooks/2026/HUM-faculty/UG-modules/view/BKK%20110
MAM102,"Foundation in General music studies 102",Humanities,HUM,https://www.up.ac.za/yearbooks/2026/HUM-faculty/UG-modules/view/MAM%20102
FIV100,"Foundation in imaging and visualisation 100",Humanities,HUM,https://www.up.ac.za/yearbooks/2026/HUM-faculty/UG-modules/view/FIV%20100
MKT103,"Foundation in Music theory 103",Humanities,HUM,https://www.up.ac.za/yearbooks/2026/HUM-faculty/UG-modules/view/MKT%20103
MEI102,"Foundation in Practical music (First instrument) 102",Humanities,HUM,https://www.up.ac.za/yearbooks/2026/HUM-faculty/UG-modules/view/MEI%20102
MTI102,"Foundation in Practical music (Second instrument) 102",Humanities,HUM,https://www.up.ac.za/yearbooks/2026/HUM-faculty/UG-modules/view/MTI%20102
FDS101,"Foundation in production studies 101",Humanities,HUM,https://www.up.ac.za/yearbooks/2026/HUM-faculty/UG-modules/view/FDS%20101
TNT101,"Foundation in theatre studies: theory 101",Humanities,HUM,https://www.up.ac.za/yearbooks/2026/HUM-faculty/UG-modules/view/TNT%20101
VHL100,"Foundation in visual history and visual literacy 100",Humanities,HUM,https://www.up.ac.za/yearbooks/2026/HUM-faculty/UG-modules/view/VHL%20100
FVP100,"Foundation in visual principles 100",Humanities,HUM,https://www.up.ac.za/yearbooks/2026/HUM-faculty/UG-modules/view/FVP%20100
AUD110,"Foundations of audiovestibular sciences 110",Humanities,HUM,https://www.up.ac.za/yearbooks/2026/HUM-faculty/UG-modules/view/AUD%20110
SSL182,"Fundamentals in phonetics 182",Humanities,HUM,https://www.up.ac.za/yearbooks/2026/HUM-faculty/UG-modules/view/SSL%20182
AUD220,"Fundamentals of audiological intervention 220",Humanities,HUM,https://www.up.ac.za/yearbooks/2026/HUM-faculty/UG-modules/view/AUD%20220
AUD120,"Fundamentals of hearing assessment and intervention 120",Humanities,HUM,https://www.up.ac.za/yearbooks/2026/HUM-faculty/UG-modules/view/AUD%20120
KPS200,"General composition studies 200",Humanities,HUM,https://www.up.ac.za/yearbooks/2026/HUM-faculty/UG-modules/view/KPS%20200
KPS300,"General composition studies 300",Humanities,HUM,https://www.up.ac.za/yearbooks/2026/HUM-faculty/UG-modules/view/KPS%20300
MAM100,"General music studies 100",Humanities,HUM,https://www.up.ac.za/yearbooks/2026/HUM-faculty/UG-modules/view/MAM%20100
GES320,"Globalisation, diversity and change 320",Humanities,HUM,https://www.up.ac.za/yearbooks/2026/HUM-faculty/UG-modules/view/GES%20320
AUD410,"Hearing implants 410",Humanities,HUM,https://www.up.ac.za/yearbooks/2026/HUM-faculty/UG-modules/view/AUD%20410
GES110,"History 110",Humanities,HUM,https://www.up.ac.za/yearbooks/2026/HUM-faculty/UG-modules/view/GES%20110
GES120,"History 120",Humanities,HUM,https://www.up.ac.za/yearbooks/2026/HUM-faculty/UG-modules/view/GES%20120
GES310,"History 310",Humanities,HUM,https://www.up.ac.za/yearbooks/2026/HUM-faculty/UG-modules/view/GES%20310
GGY383,"Human geography project 383",Natural and Agricultural Sciences,SCI,https://www.up.ac.za/yearbooks/2026/SCI-faculty/UG-modules/view/GGY%20383
ILL101,"Imaging and visualisation (1) 101",Humanities,HUM,https://www.up.ac.za/yearbooks/2026/HUM-faculty/UG-modules/view/ILL%20101
ILL201,"Imaging and visualisation (2) 201",Humanities,HUM,https://www.up.ac.za/yearbooks/2026/HUM-faculty/UG-modules/view/ILL%20201
ILL301,"Imaging and visualisation (3) 301",Humanities,HUM,https://www.up.ac.za/yearbooks/2026/HUM-faculty/UG-modules/view/ILL%20301
IOW100,"Information design (1) 100",Humanities,HUM,https://www.up.ac.za/yearbooks/2026/HUM-faculty/UG-modules/view/IOW%20100
IOW200,"Information design (2) 200",Humanities,HUM,https://www.up.ac.za/yearbooks/2026/HUM-faculty/UG-modules/view/IOW%20200
IOW300,"Information design (3) 300",Humanities,HUM,https://www.up.ac.za/yearbooks/2026/HUM-faculty/UG-modules/view/IOW%20300
IOW400,"Information design 400",Humanities,HUM,https://www.up.ac.za/yearbooks/2026/HUM-faculty/UG-modules/view/IOW%20400
AUD482,"Integrated adult audiology: Practicum  482",Humanities,HUM,https://www.up.ac.za/yearbooks/2026/HUM-faculty/UG-modules/view/AUD%20482
AUD481,"Integrated paediatric audiology: Practicum 481",Humanities,HUM,https://www.up.ac.za/yearbooks/2026/HUM-faculty/UG-modules/view/AUD%20481
SLP382,"Interprofessional community-based engagements: Practicum 382",Humanities,HUM,https://www.up.ac.za/yearbooks/2026/HUM-faculty/UG-modules/view/SLP%20382
SSL181,"Introduction to articulatory phonetics 181",Humanities,HUM,https://www.up.ac.za/yearbooks/2026/HUM-faculty/UG-modules/view/SSL%20181
SLP181,"Introduction to management of communication disorders: Practicum 181",Humanities,HUM,https://www.up.ac.za/yearbooks/2026/HUM-faculty/UG-modules/view/SLP%20181
STW111,"Introduction to Setswana grammar – Capita selecta 111",Humanities,HUM,https://www.up.ac.za/yearbooks/2026/HUM-faculty/UG-modules/view/STW%20111
SLP111,"Introduction to the auditory system 111",Humanities,HUM,https://www.up.ac.za/yearbooks/2026/HUM-faculty/UG-modules/view/SLP%20111
ZUL120,"isiZulu 120",Humanities,HUM,https://www.up.ac.za/yearbooks/2026/HUM-faculty/UG-modules/view/ZUL%20120
ZUL210,"isiZulu 210",Humanities,HUM,https://www.up.ac.za/yearbooks/2026/HUM-faculty/UG-modules/view/ZUL%20210
ZUL220,"isiZulu 220",Humanities,HUM,https://www.up.ac.za/yearbooks/2026/HUM-faculty/UG-modules/view/ZUL%20220
ZUL110,"isiZulu for beginners 110",Humanities,HUM,https://www.up.ac.za/yearbooks/2026/HUM-faculty/UG-modules/view/ZUL%20110
JUR310,"Jurisprudence 310",Law,LAW,https://www.up.ac.za/yearbooks/2026/LAW-faculty/UG-modules/view/JUR%20310
REL120,"Kaleidoscope of religions 120",Theology and Religion,THEO,https://www.up.ac.za/yearbooks/2026/THEO-faculty/UG-modules/view/REL%20120
SLP381,"Language disorders and complex communication disorders: Practicum 381",Humanities,HUM,https://www.up.ac.za/yearbooks/2026/HUM-faculty/UG-modules/view/SLP%20381
SLP210,"Language disorders and learning disorders 210",Humanities,HUM,https://www.up.ac.za/yearbooks/2026/HUM-faculty/UG-modules/view/SLP%20210
LAT110,"Latin 110",Humanities,HUM,https://www.up.ac.za/yearbooks/2026/HUM-faculty/UG-modules/view/LAT%20110
LAT120,"Latin 120",Humanities,HUM,https://www.up.ac.za/yearbooks/2026/HUM-faculty/UG-modules/view/LAT%20120
LAT210,"Latin 210",Humanities,HUM,https://www.up.ac.za/yearbooks/2026/HUM-faculty/UG-modules/view/LAT%20210
LAT220,"Latin 220",Humanities,HUM,https://www.up.ac.za/yearbooks/2026/HUM-faculty/UG-modules/view/LAT%20220
LAT310,"Latin 310",Humanities,HUM,https://www.up.ac.za/yearbooks/2026/HUM-faculty/UG-modules/view/LAT%20310
LAT320,"Latin 320",Humanities,HUM,https://www.up.ac.za/yearbooks/2026/HUM-faculty/UG-modules/view/LAT%20320
RVW210,"Legal interpretation 210",Law,LAW,https://www.up.ac.za/yearbooks/2026/LAW-faculty/UG-modules/view/RVW%20210
RPR210,"Legal pluralism 210",Law,LAW,https://www.up.ac.za/yearbooks/2026/LAW-faculty/UG-modules/view/RPR%20210
SBT111,"Live and digital performance studies 111",Humanities,HUM,https://www.up.ac.za/yearbooks/2026/HUM-faculty/UG-modules/view/SBT%20111
SBT122,"Live and digital performance studies 122",Humanities,HUM,https://www.up.ac.za/yearbooks/2026/HUM-faculty/UG-modules/view/SBT%20122
SBT211,"Live and digital performance studies 211",Humanities,HUM,https://www.up.ac.za/yearbooks/2026/HUM-faculty/UG-modules/view/SBT%20211
SBT222,"Live and digital performance studies 222",Humanities,HUM,https://www.up.ac.za/yearbooks/2026/HUM-faculty/UG-modules/view/SBT%20222
SBT311,"Live and digital performance studies 311",Humanities,HUM,https://www.up.ac.za/yearbooks/2026/HUM-faculty/UG-modules/view/SBT%20311
SBT322,"Live and digital performance studies 322",Humanities,HUM,https://www.up.ac.za/yearbooks/2026/HUM-faculty/UG-modules/view/SBT%20322
REL310,"Material religion 310",Theology and Religion,THEO,https://www.up.ac.za/yearbooks/2026/THEO-faculty/UG-modules/view/REL%20310
MME100,"Methodology 100",Humanities,HUM,https://www.up.ac.za/yearbooks/2026/HUM-faculty/UG-modules/view/MME%20100
MME200,"Methodology 200",Humanities,HUM,https://www.up.ac.za/yearbooks/2026/HUM-faculty/UG-modules/view/MME%20200
MME300,"Methodology 300",Humanities,HUM,https://www.up.ac.za/yearbooks/2026/HUM-faculty/UG-modules/view/MME%20300
MME400,"Methodology 400",Humanities,HUM,https://www.up.ac.za/yearbooks/2026/HUM-faculty/UG-modules/view/MME%20400
MML100,"Music education 100",Humanities,HUM,https://www.up.ac.za/yearbooks/2026/HUM-faculty/UG-modules/view/MML%20100
MML200,"Music education 200",Humanities,HUM,https://www.up.ac.za/yearbooks/2026/HUM-faculty/UG-modules/view/MML%20200
MML300,"Music education 300",Humanities,HUM,https://www.up.ac.za/yearbooks/2026/HUM-faculty/UG-modules/view/MML%20300
MML400,"Music education 400",Humanities,HUM,https://www.up.ac.za/yearbooks/2026/HUM-faculty/UG-modules/view/MML%20400
MKZ300,"Music entrepreneurship 300",Humanities,HUM,https://www.up.ac.za/yearbooks/2026/HUM-faculty/UG-modules/view/MKZ%20300
MKZ400,"Music entrepreneurship 400",Humanities,HUM,https://www.up.ac.za/yearbooks/2026/HUM-faculty/UG-modules/view/MKZ%20400
MPE370,"Music psychology 370",Humanities,HUM,https://www.up.ac.za/yearbooks/2026/HUM-faculty/UG-modules/view/MPE%20370
MPE470,"Music psychology 470",Humanities,HUM,https://www.up.ac.za/yearbooks/2026/HUM-faculty/UG-modules/view/MPE%20470
MKT100,"Music theory 100",Humanities,HUM,https://www.up.ac.za/yearbooks/2026/HUM-faculty/UG-modules/view/MKT%20100
MKT200,"Music theory 200",Humanities,HUM,https://www.up.ac.za/yearbooks/2026/HUM-faculty/UG-modules/view/MKT%20200
MKT300,"Music theory 300",Humanities,HUM,https://www.up.ac.za/yearbooks/2026/HUM-faculty/UG-modules/view/MKT%20300
MKT400,"Music theory 400",Humanities,HUM,https://www.up.ac.za/yearbooks/2026/HUM-faculty/UG-modules/view/MKT%20400
MGS200,"Musicology 200",Humanities,HUM,https://www.up.ac.za/yearbooks/2026/HUM-faculty/UG-modules/view/MGS%20200
MGS300,"Musicology 300",Humanities,HUM,https://www.up.ac.za/yearbooks/2026/HUM-faculty/UG-modules/view/MGS%20300
MGS400,"Musicology 400",Humanities,HUM,https://www.up.ac.za/yearbooks/2026/HUM-faculty/UG-modules/view/MGS%20400
NAN211,"Neuro-anatomy for communication pathology 211",Humanities,MED,https://www.up.ac.za/yearbooks/2026/MED-faculty/UG-modules/view/NAN%20211
NFG221,"Neuro-physiology 221",Humanities,MED,https://www.up.ac.za/yearbooks/2026/MED-faculty/UG-modules/view/NFG%20221
SLP310,"Neurogenic communication disorders and dysphagia in adult populations 310",Humanities,HUM,https://www.up.ac.za/yearbooks/2026/HUM-faculty/UG-modules/view/SLP%20310
SLP221,"Neuromotor speech disorders, voice disorders and fluency disorders 220",Humanities,HUM,https://www.up.ac.za/yearbooks/2026/HUM-faculty/UG-modules/view/SLP%20221
AUD320,"Paediatric audiology 320",Humanities,HUM,https://www.up.ac.za/yearbooks/2026/HUM-faculty/UG-modules/view/AUD%20320
SLP220,"Pediatric neurocommunicative disorders 220",Humanities,HUM,https://www.up.ac.za/yearbooks/2026/HUM-faculty/UG-modules/view/SLP%20220
SLP321,"Pediatric swallowing and feeding disorders 321",Humanities,HUM,https://www.up.ac.za/yearbooks/2026/HUM-faculty/UG-modules/view/SLP%20321
TNP210,"Performance studies: Praxis 210",Humanities,HUM,https://www.up.ac.za/yearbooks/2026/HUM-faculty/UG-modules/view/TNP%20210
TNP310,"Performance studies: Praxis 310",Humanities,HUM,https://www.up.ac.za/yearbooks/2026/HUM-faculty/UG-modules/view/TNP%20310
TNP110,"Performance studies:Praxis 110",Humanities,HUM,https://www.up.ac.za/yearbooks/2026/HUM-faculty/UG-modules/view/TNP%20110
FIL110,"Philosophy 110",Humanities,HUM,https://www.up.ac.za/yearbooks/2026/HUM-faculty/UG-modules/view/FIL%20110
FIL120,"Philosophy 120",Humanities,HUM,https://www.up.ac.za/yearbooks/2026/HUM-faculty/UG-modules/view/FIL%20120
FIL220,"Philosophy in context 220",Humanities,HUM,https://www.up.ac.za/yearbooks/2026/HUM-faculty/UG-modules/view/FIL%20220
FIL320,"Philosophy in context 320",Humanities,HUM,https://www.up.ac.za/yearbooks/2026/HUM-faculty/UG-modules/view/FIL%20320
PTG101,"Portuguese for beginners 101",Humanities,HUM,https://www.up.ac.za/yearbooks/2026/HUM-faculty/UG-modules/view/PTG%20101
PTG113,"Portuguese language and culture (1) 113",Humanities,HUM,https://www.up.ac.za/yearbooks/2026/HUM-faculty/UG-modules/view/PTG%20113
PTG123,"Portuguese language and culture (2) 123",Humanities,HUM,https://www.up.ac.za/yearbooks/2026/HUM-faculty/UG-modules/view/PTG%20123
PTG311,"Portuguese linguistics 311",Humanities,HUM,https://www.up.ac.za/yearbooks/2026/HUM-faculty/UG-modules/view/PTG%20311
PTG321,"Portuguese text analysis 321",Humanities,HUM,https://www.up.ac.za/yearbooks/2026/HUM-faculty/UG-modules/view/PTG%20321
PTG211,"Portuguese: Intermediate (1) 211",Humanities,HUM,https://www.up.ac.za/yearbooks/2026/HUM-faculty/UG-modules/view/PTG%20211
PTG221,"Portuguese: Intermediate (2) 221",Humanities,HUM,https://www.up.ac.za/yearbooks/2026/HUM-faculty/UG-modules/view/PTG%20221
AUD321,"Preventative audiology 321",Humanities,HUM,https://www.up.ac.za/yearbooks/2026/HUM-faculty/UG-modules/view/AUD%20321
VIT101,"Professional art practice (1) 101",Humanities,HUM,https://www.up.ac.za/yearbooks/2026/HUM-faculty/UG-modules/view/VIT%20101
VIT201,"Professional art practice (2) 201",Humanities,HUM,https://www.up.ac.za/yearbooks/2026/HUM-faculty/UG-modules/view/VIT%20201
VIT301,"Professional art practice (3) 301",Humanities,HUM,https://www.up.ac.za/yearbooks/2026/HUM-faculty/UG-modules/view/VIT%20301
AFR358,"Redigering 358",Humanities,HUM,https://www.up.ac.za/yearbooks/2026/HUM-faculty/UG-modules/view/AFR%20358
REL221,"Religion and culture 221",Theology and Religion,THEO,https://www.up.ac.za/yearbooks/2026/THEO-faculty/UG-modules/view/REL%20221
SLP383,"Research fundamentals for speech-language pathology 383",Humanities,HUM,https://www.up.ac.za/yearbooks/2026/HUM-faculty/UG-modules/view/SLP%20383
AUD480,"Research project 480",Humanities,HUM,https://www.up.ac.za/yearbooks/2026/HUM-faculty/UG-modules/view/AUD%20480
SLP480,"Research report in speech-language pathology 480",Humanities,HUM,https://www.up.ac.za/yearbooks/2026/HUM-faculty/UG-modules/view/SLP%20480
MTI100,"Second instrument 100",Humanities,HUM,https://www.up.ac.za/yearbooks/2026/HUM-faculty/UG-modules/view/MTI%20100
MTI200,"Second instrument 200",Humanities,HUM,https://www.up.ac.za/yearbooks/2026/HUM-faculty/UG-modules/view/MTI%20200
MTI300,"Second instrument 300",Humanities,HUM,https://www.up.ac.za/yearbooks/2026/HUM-faculty/UG-modules/view/MTI%20300
FIL310,"Self and subjectivity 310",Humanities,HUM,https://www.up.ac.za/yearbooks/2026/HUM-faculty/UG-modules/view/FIL%20310
SEP120,"Sepedi 120",Humanities,HUM,https://www.up.ac.za/yearbooks/2026/HUM-faculty/UG-modules/view/SEP%20120
SEP210,"Sepedi 210",Humanities,HUM,https://www.up.ac.za/yearbooks/2026/HUM-faculty/UG-modules/view/SEP%20210
SEP220,"Sepedi 220",Humanities,HUM,https://www.up.ac.za/yearbooks/2026/HUM-faculty/UG-modules/view/SEP%20220
SEP310,"Sepedi 310",Humanities,HUM,https://www.up.ac.za/yearbooks/2026/HUM-faculty/UG-modules/view/SEP%20310
SEP110,"Sepedi for beginners 110",Humanities,HUM,https://www.up.ac.za/yearbooks/2026/HUM-faculty/UG-modules/view/SEP%20110
SEP211,"Sepedi grammar – Capita selecta 211",Humanities,HUM,https://www.up.ac.za/yearbooks/2026/HUM-faculty/UG-modules/view/SEP%20211
STW120,"Setswana 120",Humanities,HUM,https://www.up.ac.za/yearbooks/2026/HUM-faculty/UG-modules/view/STW%20120
STW210,"Setswana 210",Humanities,HUM,https://www.up.ac.za/yearbooks/2026/HUM-faculty/UG-modules/view/STW%20210
STW220,"Setswana 220",Humanities,HUM,https://www.up.ac.za/yearbooks/2026/HUM-faculty/UG-modules/view/STW%20220
STW310,"Setswana 310",Humanities,HUM,https://www.up.ac.za/yearbooks/2026/HUM-faculty/UG-modules/view/STW%20310
STW110,"Setswana for beginners 110",Humanities,HUM,https://www.up.ac.za/yearbooks/2026/HUM-faculty/UG-modules/view/STW%20110
STW211,"Setswana grammar – Capita selecta 211",Humanities,HUM,https://www.up.ac.za/yearbooks/2026/HUM-faculty/UG-modules/view/STW%20211
MWT454,"Social development 454",Humanities,HUM,https://www.up.ac.za/yearbooks/2026/HUM-faculty/UG-modules/view/MWT%20454
WRG110,"Social welfare law 110",Law,LAW,https://www.up.ac.za/yearbooks/2026/LAW-faculty/UG-modules/view/WRG%20110
WRG120,"Social welfare law 120",Law,LAW,https://www.up.ac.za/yearbooks/2026/LAW-faculty/UG-modules/view/WRG%20120
MWP161,"Social work in practice 161",Humanities,HUM,https://www.up.ac.za/yearbooks/2026/HUM-faculty/UG-modules/view/MWP%20161
MWP261,"Social work in practice 261",Humanities,HUM,https://www.up.ac.za/yearbooks/2026/HUM-faculty/UG-modules/view/MWP%20261
MWP361,"Social work in practice 361",Humanities,HUM,https://www.up.ac.za/yearbooks/2026/HUM-faculty/UG-modules/view/MWP%20361
MWP400,"Social work in practice 400",Humanities,HUM,https://www.up.ac.za/yearbooks/2026/HUM-faculty/UG-modules/view/MWP%20400
MWT452,"Social work management and social policy 452",Humanities,HUM,https://www.up.ac.za/yearbooks/2026/HUM-faculty/UG-modules/view/MWT%20452
MWT455,"Social work research 455",Humanities,HUM,https://www.up.ac.za/yearbooks/2026/HUM-faculty/UG-modules/view/MWT%20455
MWT110,"Social work theory 110",Humanities,HUM,https://www.up.ac.za/yearbooks/2026/HUM-faculty/UG-modules/view/MWT%20110
MWT120,"Social work theory 120",Humanities,HUM,https://www.up.ac.za/yearbooks/2026/HUM-faculty/UG-modules/view/MWT%20120
MWT210,"Social work theory 210",Humanities,HUM,https://www.up.ac.za/yearbooks/2026/HUM-faculty/UG-modules/view/MWT%20210
MWT220,"Social work theory 220",Humanities,HUM,https://www.up.ac.za/yearbooks/2026/HUM-faculty/UG-modules/view/MWT%20220
MWT311,"Social work theory 311",Humanities,HUM,https://www.up.ac.za/yearbooks/2026/HUM-faculty/UG-modules/view/MWT%20311
MWT321,"Social work theory 321",Humanities,HUM,https://www.up.ac.za/yearbooks/2026/HUM-faculty/UG-modules/view/MWT%20321
SOC110,"Sociology 110",Humanities,HUM,https://www.up.ac.za/yearbooks/2026/HUM-faculty/UG-modules/view/SOC%20110
SOC120,"Sociology 120",Humanities,HUM,https://www.up.ac.za/yearbooks/2026/HUM-faculty/UG-modules/view/SOC%20120
SOC210,"Sociology 210",Humanities,HUM,https://www.up.ac.za/yearbooks/2026/HUM-faculty/UG-modules/view/SOC%20210
SOC211,"Sociology 211",Humanities,HUM,https://www.up.ac.za/yearbooks/2026/HUM-faculty/UG-modules/view/SOC%20211
SOC220,"Sociology 220",Humanities,HUM,https://www.up.ac.za/yearbooks/2026/HUM-faculty/UG-modules/view/SOC%20220
SOC221,"Sociology 221",Humanities,HUM,https://www.up.ac.za/yearbooks/2026/HUM-faculty/UG-modules/view/SOC%20221
SOC310,"Sociology 310",Humanities,HUM,https://www.up.ac.za/yearbooks/2026/HUM-faculty/UG-modules/view/SOC%20310
SOC321,"Sociology 321",Humanities,HUM,https://www.up.ac.za/yearbooks/2026/HUM-faculty/UG-modules/view/SOC%20321
REL320,"Sociology of religion 320",Theology and Religion,THEO,https://www.up.ac.za/yearbooks/2026/THEO-faculty/UG-modules/view/REL%20320
SPN101,"Spanish for beginners (1) 101",Humanities,HUM,https://www.up.ac.za/yearbooks/2026/HUM-faculty/UG-modules/view/SPN%20101
SPN102,"Spanish for beginners (2) 102",Humanities,HUM,https://www.up.ac.za/yearbooks/2026/HUM-faculty/UG-modules/view/SPN%20102
SPN211,"Spanish: Intermediate (1) 211",Humanities,HUM,https://www.up.ac.za/yearbooks/2026/HUM-faculty/UG-modules/view/SPN%20211
SPN221,"Spanish: Intermediate (2) 221",Humanities,HUM,https://www.up.ac.za/yearbooks/2026/HUM-faculty/UG-modules/view/SPN%20221
SPN311,"Spanish: Intermediate (3) 311",Humanities,HUM,https://www.up.ac.za/yearbooks/2026/HUM-faculty/UG-modules/view/SPN%20311
SPN321,"Spanish: Intermediate (4) 321",Humanities,HUM,https://www.up.ac.za/yearbooks/2026/HUM-faculty/UG-modules/view/SPN%20321
SSL120,"Speech acoustics 120",Humanities,HUM,https://www.up.ac.za/yearbooks/2026/HUM-faculty/UG-modules/view/SSL%20120
SLP120,"Speech sound disorders and craniofacial disorders 120",Humanities,HUM,https://www.up.ac.za/yearbooks/2026/HUM-faculty/UG-modules/view/SLP%20120
SLP281,"Speech sound, craniofacial, language, and learning disorders: Practicum 281",Humanities,HUM,https://www.up.ac.za/yearbooks/2026/HUM-faculty/UG-modules/view/SLP%20281
GES220,"The shaping of a modern South Africa 220",Humanities,HUM,https://www.up.ac.za/yearbooks/2026/HUM-faculty/UG-modules/view/GES%20220
RPR410,"Advanced legal pluralism 410",Law,LAW,https://www.up.ac.za/yearbooks/2026/LAW-faculty/UG-modules/view/RPR%20410
AGF420,"Alternative dispute resolution 420",Law,LAW,https://www.up.ac.za/yearbooks/2026/LAW-faculty/UG-modules/view/AGF%20420
ISL420,"Capita selecta of insurance law 420",Law,LAW,https://www.up.ac.za/yearbooks/2026/LAW-faculty/UG-modules/view/ISL%20420
KID410,"Child law 410",Law,LAW,https://www.up.ac.za/yearbooks/2026/LAW-faculty/UG-modules/view/KID%20410
SIP412,"Civil procedure law 412",Law,LAW,https://www.up.ac.za/yearbooks/2026/LAW-faculty/UG-modules/view/SIP%20412
SIP421,"Civil procedure law 421",Law,LAW,https://www.up.ac.za/yearbooks/2026/LAW-faculty/UG-modules/view/SIP%20421
SPR411,"Criminal procedure law 411",Law,LAW,https://www.up.ac.za/yearbooks/2026/LAW-faculty/UG-modules/view/SPR%20411
SPR421,"Criminal procedure law 421",Law,LAW,https://www.up.ac.za/yearbooks/2026/LAW-faculty/UG-modules/view/SPR%20421
ANO410,"Deeds and notarial practice 410",Law,LAW,https://www.up.ac.za/yearbooks/2026/LAW-faculty/UG-modules/view/ANO%20410
ONR420,"Education law 420",Law,LAW,https://www.up.ac.za/yearbooks/2026/LAW-faculty/UG-modules/view/ONR%20420
OMR410,"Environmental law 410",Law,LAW,https://www.up.ac.za/yearbooks/2026/LAW-faculty/UG-modules/view/OMR%20410
ESS400,"Essay and seminar 400",Law,LAW,https://www.up.ac.za/yearbooks/2026/LAW-faculty/UG-modules/view/ESS%20400
EIL420,"Extractive industry law 420",Law,LAW,https://www.up.ac.za/yearbooks/2026/LAW-faculty/UG-modules/view/EIL%20420
IGZ320,"Intellectual property law 320",Law,LAW,https://www.up.ac.za/yearbooks/2026/LAW-faculty/UG-modules/view/IGZ%20320
IET411,"International elective module (1) 411",Law,LAW,https://www.up.ac.za/yearbooks/2026/LAW-faculty/UG-modules/view/IET%20411
IET412,"International elective module (2) 412",Law,LAW,https://www.up.ac.za/yearbooks/2026/LAW-faculty/UG-modules/view/IET%20412
IET413,"International elective module (3) 413",Law,LAW,https://www.up.ac.za/yearbooks/2026/LAW-faculty/UG-modules/view/IET%20413
IET414,"International elective module (4) 414",Law,LAW,https://www.up.ac.za/yearbooks/2026/LAW-faculty/UG-modules/view/IET%20414
PUR420,"International humanitarian law 420",Law,LAW,https://www.up.ac.za/yearbooks/2026/LAW-faculty/UG-modules/view/PUR%20420
DRL420,"Introduction to disability rights 420",Law,LAW,https://www.up.ac.za/yearbooks/2026/LAW-faculty/UG-modules/view/DRL%20420
JUR420,"Jurisprudence 420",Law,LAW,https://www.up.ac.za/yearbooks/2026/LAW-faculty/UG-modules/view/JUR%20420
ABR410,"Labour law 410",Law,LAW,https://www.up.ac.za/yearbooks/2026/LAW-faculty/UG-modules/view/ABR%20410
GHR420,"Land and related reform 420",Law,LAW,https://www.up.ac.za/yearbooks/2026/LAW-faculty/UG-modules/view/GHR%20420
CLW420,"Law and the community 420",Law,LAW,https://www.up.ac.za/yearbooks/2026/LAW-faculty/UG-modules/view/CLW%20420
AMR410,"Law and transformation 410",Law,LAW,https://www.up.ac.za/yearbooks/2026/LAW-faculty/UG-modules/view/AMR%20410
LBF410,"Law of banking and financial institutions 410",Law,LAW,https://www.up.ac.za/yearbooks/2026/LAW-faculty/UG-modules/view/LBF%20410
SCL420,"Law of competition 420",Law,LAW,https://www.up.ac.za/yearbooks/2026/LAW-faculty/UG-modules/view/SCL%20420
SGR410,"Law of damages 410",Law,LAW,https://www.up.ac.za/yearbooks/2026/LAW-faculty/UG-modules/view/SGR%20410
BWR310,"Law of evidence 310",Law,LAW,https://www.up.ac.za/yearbooks/2026/LAW-faculty/UG-modules/view/BWR%20310
BWR320,"Law of evidence 320",Law,LAW,https://www.up.ac.za/yearbooks/2026/LAW-faculty/UG-modules/view/BWR%20320
LOC410,"Law of securities 410",Law,LAW,https://www.up.ac.za/yearbooks/2026/LAW-faculty/UG-modules/view/LOC%20410
RPK210,"Legal practice 210",Law,LAW,https://www.up.ac.za/yearbooks/2026/LAW-faculty/UG-modules/view/RPK%20210
RPK220,"Legal practice 220",Law,LAW,https://www.up.ac.za/yearbooks/2026/LAW-faculty/UG-modules/view/RPK%20220
RHV410,"Legal problems of HIV and AIDS 410",Law,LAW,https://www.up.ac.za/yearbooks/2026/LAW-faculty/UG-modules/view/RHV%20410
MDR420,"Media law 420",Law,LAW,https://www.up.ac.za/yearbooks/2026/LAW-faculty/UG-modules/view/MDR%20420
GRG410,"Medical law 410",Law,LAW,https://www.up.ac.za/yearbooks/2026/LAW-faculty/UG-modules/view/GRG%20410
MRG410,"Municipal law 410",Law,LAW,https://www.up.ac.za/yearbooks/2026/LAW-faculty/UG-modules/view/MRG%20410
PRR400,"Practical law 400",Law,LAW,https://www.up.ac.za/yearbooks/2026/LAW-faculty/UG-modules/view/PRR%20400
IPR410,"Private international law 410",Law,LAW,https://www.up.ac.za/yearbooks/2026/LAW-faculty/UG-modules/view/IPR%20410
PVR420,"Private law 420",Law,LAW,https://www.up.ac.za/yearbooks/2026/LAW-faculty/UG-modules/view/PVR%20420
PBL310,"Public law 310",Law,LAW,https://www.up.ac.za/yearbooks/2026/LAW-faculty/UG-modules/view/PBL%20310
PBL320,"Public law 320",Law,LAW,https://www.up.ac.za/yearbooks/2026/LAW-faculty/UG-modules/view/PBL%20320
PBL410,"Public law 410",Law,LAW,https://www.up.ac.za/yearbooks/2026/LAW-faculty/UG-modules/view/PBL%20410
PBL420,"Public law 420",Law,LAW,https://www.up.ac.za/yearbooks/2026/LAW-faculty/UG-modules/view/PBL%20420
RHP320,"Research methodology 320",Law,LAW,https://www.up.ac.za/yearbooks/2026/LAW-faculty/UG-modules/view/RHP%20320
SOR420,"Social security law 420",Law,LAW,https://www.up.ac.za/yearbooks/2026/LAW-faculty/UG-modules/view/SOR%20420
SRR420,"Sports law 420",Law,LAW,https://www.up.ac.za/yearbooks/2026/LAW-faculty/UG-modules/view/SRR%20420
SMI410,"Statutory crimes 410",Law,LAW,https://www.up.ac.za/yearbooks/2026/LAW-faculty/UG-modules/view/SMI%20410
BLR310,"Tax law 310",Law,LAW,https://www.up.ac.za/yearbooks/2026/LAW-faculty/UG-modules/view/BLR%20310
BLP420,"Tax practice 420",Law,LAW,https://www.up.ac.za/yearbooks/2026/LAW-faculty/UG-modules/view/BLP%20420
TBR420,"Transnational business law 420",Law,LAW,https://www.up.ac.za/yearbooks/2026/LAW-faculty/UG-modules/view/TBR%20420
TBS410,"Trusts and estates 410",Law,LAW,https://www.up.ac.za/yearbooks/2026/LAW-faculty/UG-modules/view/TBS%20410
ALL120,"Academic literacy for Theology 120",Humanities,HUM,https://www.up.ac.za/yearbooks/2026/HUM-faculty/UG-modules/view/ALL%20120
UPO105,"Academic orientation 105",Theology and Religion,THEO,https://www.up.ac.za/yearbooks/2026/THEO-faculty/UG-modules/view/UPO%20105
SHT220,"Being human 220",Theology and Religion,THEO,https://www.up.ac.za/yearbooks/2026/THEO-faculty/UG-modules/view/SHT%20220
SHT221,"Being human 221",Theology and Religion,THEO,https://www.up.ac.za/yearbooks/2026/THEO-faculty/UG-modules/view/SHT%20221
SHT222,"Being human 222",Theology and Religion,THEO,https://www.up.ac.za/yearbooks/2026/THEO-faculty/UG-modules/view/SHT%20222
SRY310,"Christian spirituality and theology 310",Theology and Religion,THEO,https://www.up.ac.za/yearbooks/2026/THEO-faculty/UG-modules/view/SRY%20310
SRY220,"Christian spirituality: Christian spiritual practices 220",Theology and Religion,THEO,https://www.up.ac.za/yearbooks/2026/THEO-faculty/UG-modules/view/SRY%20220
SRY210,"Christian spirituality: Origins and dynamics 210",Theology and Religion,THEO,https://www.up.ac.za/yearbooks/2026/THEO-faculty/UG-modules/view/SRY%20210
SHT310,"Church and community 310",Theology and Religion,THEO,https://www.up.ac.za/yearbooks/2026/THEO-faculty/UG-modules/view/SHT%20310
SHT311,"Church and community 311",Theology and Religion,THEO,https://www.up.ac.za/yearbooks/2026/THEO-faculty/UG-modules/view/SHT%20311
SHT312,"Church and community 312",Theology and Religion,THEO,https://www.up.ac.za/yearbooks/2026/THEO-faculty/UG-modules/view/SHT%20312
RSM320,"Church planting 320",Theology and Religion,THEO,https://www.up.ac.za/yearbooks/2026/THEO-faculty/UG-modules/view/RSM%20320
RSM321,"Church planting 321",Theology and Religion,THEO,https://www.up.ac.za/yearbooks/2026/THEO-faculty/UG-modules/view/RSM%20321
RSM322,"Church planting 322",Theology and Religion,THEO,https://www.up.ac.za/yearbooks/2026/THEO-faculty/UG-modules/view/RSM%20322
CYE322,"Community Development Praxis II 322",Theology and Religion,THEO,https://www.up.ac.za/yearbooks/2026/THEO-faculty/UG-modules/view/CYE%20322
CYE312,"Community Development Praxis in community engagement I 312",Theology and Religion,THEO,https://www.up.ac.za/yearbooks/2026/THEO-faculty/UG-modules/view/CYE%20312
CYE300,"Community engagement 300",Theology and Religion,THEO,https://www.up.ac.za/yearbooks/2026/THEO-faculty/UG-modules/view/CYE%20300
CYE301,"Community engagement 301",Theology and Religion,THEO,https://www.up.ac.za/yearbooks/2026/THEO-faculty/UG-modules/view/CYE%20301
CYE302,"Community engagement 302",Theology and Religion,THEO,https://www.up.ac.za/yearbooks/2026/THEO-faculty/UG-modules/view/CYE%20302
SHT320,"Contemporary theological discourses I 320",Theology and Religion,THEO,https://www.up.ac.za/yearbooks/2026/THEO-faculty/UG-modules/view/SHT%20320
SHT321,"Contemporary theological discourses I 321",Theology and Religion,THEO,https://www.up.ac.za/yearbooks/2026/THEO-faculty/UG-modules/view/SHT%20321
SHT322,"Contemporary theological discourses I 322",Theology and Religion,THEO,https://www.up.ac.za/yearbooks/2026/THEO-faculty/UG-modules/view/SHT%20322
SHT412,"Contemporary theological discourses II 412",Theology and Religion,THEO,https://www.up.ac.za/yearbooks/2026/THEO-faculty/UG-modules/view/SHT%20412
SRY320,"Contextual and contemporary spirituality 320",Theology and Religion,THEO,https://www.up.ac.za/yearbooks/2026/THEO-faculty/UG-modules/view/SRY%20320
NTL322,"Deutero- and Trito-Pauline letters 322",Theology and Religion,THEO,https://www.up.ac.za/yearbooks/2026/THEO-faculty/UG-modules/view/NTL%20322
NTL320,"Deutero- and Trito-Pauline writings 320",Theology and Religion,THEO,https://www.up.ac.za/yearbooks/2026/THEO-faculty/UG-modules/view/NTL%20320
NTL321,"Deutero- and Trito-Pauline writings 321",Theology and Religion,THEO,https://www.up.ac.za/yearbooks/2026/THEO-faculty/UG-modules/view/NTL%20321
SHT210,"Faith and beliefs 210",Theology and Religion,THEO,https://www.up.ac.za/yearbooks/2026/THEO-faculty/UG-modules/view/SHT%20210
SHT211,"Faith and beliefs 211",Theology and Religion,THEO,https://www.up.ac.za/yearbooks/2026/THEO-faculty/UG-modules/view/SHT%20211
SHT212,"Faith and beliefs 212",Theology and Religion,THEO,https://www.up.ac.za/yearbooks/2026/THEO-faculty/UG-modules/view/SHT%20212
SHT110,"Faith and stories 110",Theology and Religion,THEO,https://www.up.ac.za/yearbooks/2026/THEO-faculty/UG-modules/view/SHT%20110
SHT111,"Faith and stories 111",Theology and Religion,THEO,https://www.up.ac.za/yearbooks/2026/THEO-faculty/UG-modules/view/SHT%20111
SHT112,"Faith and stories 112",Theology and Religion,THEO,https://www.up.ac.za/yearbooks/2026/THEO-faculty/UG-modules/view/SHT%20112
NTL412,"General letters and Revelation 412",Theology and Religion,THEO,https://www.up.ac.za/yearbooks/2026/THEO-faculty/UG-modules/view/NTL%20412
NTL210,"Gospels: Luke-Acts 210",Theology and Religion,THEO,https://www.up.ac.za/yearbooks/2026/THEO-faculty/UG-modules/view/NTL%20210
NTL211,"Gospels: Luke-Acts 211",Theology and Religion,THEO,https://www.up.ac.za/yearbooks/2026/THEO-faculty/UG-modules/view/NTL%20211
NTL212,"Gospels: Luke-Acts 212",Theology and Religion,THEO,https://www.up.ac.za/yearbooks/2026/THEO-faculty/UG-modules/view/NTL%20212
NTL120,"Gospels: Mark and Matthew 120",Theology and Religion,THEO,https://www.up.ac.za/yearbooks/2026/THEO-faculty/UG-modules/view/NTL%20120
NTL121,"Gospels: Mark and Matthew 121",Theology and Religion,THEO,https://www.up.ac.za/yearbooks/2026/THEO-faculty/UG-modules/view/NTL%20121
NTL122,"Gospels: Mark and Matthew 122",Theology and Religion,THEO,https://www.up.ac.za/yearbooks/2026/THEO-faculty/UG-modules/view/NTL%20122
SHT120,"History of Christianity in Southern Africa 120",Theology and Religion,THEO,https://www.up.ac.za/yearbooks/2026/THEO-faculty/UG-modules/view/SHT%20120
SHT121,"History of Christianity in Southern Africa 121",Theology and Religion,THEO,https://www.up.ac.za/yearbooks/2026/THEO-faculty/UG-modules/view/SHT%20121
SHT122,"History of Christianity in Southern Africa 122",Theology and Religion,THEO,https://www.up.ac.za/yearbooks/2026/THEO-faculty/UG-modules/view/SHT%20122
CYE110,"Introduction to Community development 110",Theology and Religion,THEO,https://www.up.ac.za/yearbooks/2026/THEO-faculty/UG-modules/view/CYE%20110
SRY110,"Introduction to Spirituality 110",Theology and Religion,THEO,https://www.up.ac.za/yearbooks/2026/THEO-faculty/UG-modules/view/SRY%20110
NTL110,"Introduction to the New Testament 110",Theology and Religion,THEO,https://www.up.ac.za/yearbooks/2026/THEO-faculty/UG-modules/view/NTL%20110
NTL111,"Introduction to the New Testament 111",Theology and Religion,THEO,https://www.up.ac.za/yearbooks/2026/THEO-faculty/UG-modules/view/NTL%20111
NTL112,"Introduction to the New Testament 112",Theology and Religion,THEO,https://www.up.ac.za/yearbooks/2026/THEO-faculty/UG-modules/view/NTL%20112
RSM120,"Introduction to the study of religion 120",Theology and Religion,THEO,https://www.up.ac.za/yearbooks/2026/THEO-faculty/UG-modules/view/RSM%20120
RSM121,"Introduction to the study of religion 121",Theology and Religion,THEO,https://www.up.ac.za/yearbooks/2026/THEO-faculty/UG-modules/view/RSM%20121
RSM122,"Introduction to the study of religion 122",Theology and Religion,THEO,https://www.up.ac.za/yearbooks/2026/THEO-faculty/UG-modules/view/RSM%20122
OTL110,"Introduction to the world of the Old Testament 110",Theology and Religion,THEO,https://www.up.ac.za/yearbooks/2026/THEO-faculty/UG-modules/view/OTL%20110
OTL111,"Introduction to the world of the Old Testament 111",Theology and Religion,THEO,https://www.up.ac.za/yearbooks/2026/THEO-faculty/UG-modules/view/OTL%20111
OTL112,"Introduction to the world of the Old Testament 112",Theology and Religion,THEO,https://www.up.ac.za/yearbooks/2026/THEO-faculty/UG-modules/view/OTL%20112
RSM210,"Introduction, key concepts and topics in missiology 210",Theology and Religion,THEO,https://www.up.ac.za/yearbooks/2026/THEO-faculty/UG-modules/view/RSM%20210
NTL220,"Johannine literature 220",Theology and Religion,THEO,https://www.up.ac.za/yearbooks/2026/THEO-faculty/UG-modules/view/NTL%20220
NTL221,"Johannine literature 221",Theology and Religion,THEO,https://www.up.ac.za/yearbooks/2026/THEO-faculty/UG-modules/view/NTL%20221
NTL222,"Johannine literature 222",Theology and Religion,THEO,https://www.up.ac.za/yearbooks/2026/THEO-faculty/UG-modules/view/NTL%20222
RSM211,"Key concepts and topics in missiology 211",Theology and Religion,THEO,https://www.up.ac.za/yearbooks/2026/THEO-faculty/UG-modules/view/RSM%20211
RSM212,"Key concepts and topics in missiology 212",Theology and Religion,THEO,https://www.up.ac.za/yearbooks/2026/THEO-faculty/UG-modules/view/RSM%20212
CYE212,"Leadership and Community Development 212",Theology and Religion,THEO,https://www.up.ac.za/yearbooks/2026/THEO-faculty/UG-modules/view/CYE%20212
OTL412,"Life, text and context 412",Theology and Religion,THEO,https://www.up.ac.za/yearbooks/2026/THEO-faculty/UG-modules/view/OTL%20412
SHT313,"Living as Christians 313",Theology and Religion,THEO,https://www.up.ac.za/yearbooks/2026/THEO-faculty/UG-modules/view/SHT%20313
SHT314,"Living as Christians 314",Theology and Religion,THEO,https://www.up.ac.za/yearbooks/2026/THEO-faculty/UG-modules/view/SHT%20314
SHT315,"Living as Christians 315",Theology and Religion,THEO,https://www.up.ac.za/yearbooks/2026/THEO-faculty/UG-modules/view/SHT%20315
RSM310,"Mission in practice 310",Theology and Religion,THEO,https://www.up.ac.za/yearbooks/2026/THEO-faculty/UG-modules/view/RSM%20310
RSM311,"Mission in practice 311",Theology and Religion,THEO,https://www.up.ac.za/yearbooks/2026/THEO-faculty/UG-modules/view/RSM%20311
RSM312,"Mission in practice 312",Theology and Religion,THEO,https://www.up.ac.za/yearbooks/2026/THEO-faculty/UG-modules/view/RSM%20312
RSM422,"Missional ecclesiology in contemporary context 422",Theology and Religion,THEO,https://www.up.ac.za/yearbooks/2026/THEO-faculty/UG-modules/view/RSM%20422
OTL120,"Narratives in the Old Testament 120",Theology and Religion,THEO,https://www.up.ac.za/yearbooks/2026/THEO-faculty/UG-modules/view/OTL%20120
OTL121,"Narratives in the Old Testament 121",Theology and Religion,THEO,https://www.up.ac.za/yearbooks/2026/THEO-faculty/UG-modules/view/OTL%20121
OTL122,"Narratives in the Old Testament 122",Theology and Religion,THEO,https://www.up.ac.za/yearbooks/2026/THEO-faculty/UG-modules/view/OTL%20122
OTL210,"Old Testament exegesis and former prophets 210",Theology and Religion,THEO,https://www.up.ac.za/yearbooks/2026/THEO-faculty/UG-modules/view/OTL%20210
OTL211,"Old Testament exegesis and former prophets 211",Theology and Religion,THEO,https://www.up.ac.za/yearbooks/2026/THEO-faculty/UG-modules/view/OTL%20211
OTL212,"Old Testament exegesis and former prophets 212",Theology and Religion,THEO,https://www.up.ac.za/yearbooks/2026/THEO-faculty/UG-modules/view/OTL%20212
NTL310,"Paul 310",Theology and Religion,THEO,https://www.up.ac.za/yearbooks/2026/THEO-faculty/UG-modules/view/NTL%20310
NTL311,"Paul 311",Theology and Religion,THEO,https://www.up.ac.za/yearbooks/2026/THEO-faculty/UG-modules/view/NTL%20311
NTL312,"Paul 312",Theology and Religion,THEO,https://www.up.ac.za/yearbooks/2026/THEO-faculty/UG-modules/view/NTL%20312
REL410,"Philosophy of religion 1 410",Theology and Religion,THEO,https://www.up.ac.za/yearbooks/2026/THEO-faculty/UG-modules/view/REL%20410
REL420,"Philosophy of religion 2 420",Theology and Religion,THEO,https://www.up.ac.za/yearbooks/2026/THEO-faculty/UG-modules/view/REL%20420
OTL220,"Poetry and apocalypses 220",Theology and Religion,THEO,https://www.up.ac.za/yearbooks/2026/THEO-faculty/UG-modules/view/OTL%20220
OTL221,"Poetry and apocalypses 221",Theology and Religion,THEO,https://www.up.ac.za/yearbooks/2026/THEO-faculty/UG-modules/view/OTL%20221
OTL222,"Poetry and apocalypses 222",Theology and Religion,THEO,https://www.up.ac.za/yearbooks/2026/THEO-faculty/UG-modules/view/OTL%20222
PRT310,"Practical Theology: Discerning and imagining 310",Theology and Religion,THEO,https://www.up.ac.za/yearbooks/2026/THEO-faculty/UG-modules/view/PRT%20310
PRT311,"Practical Theology: Discerning and imagining 311",Theology and Religion,THEO,https://www.up.ac.za/yearbooks/2026/THEO-faculty/UG-modules/view/PRT%20311
PRT312,"Practical Theology: Discerning and imagining 312",Theology and Religion,THEO,https://www.up.ac.za/yearbooks/2026/THEO-faculty/UG-modules/view/PRT%20312
PRT422,"Practical Theology: Integration 422",Theology and Religion,THEO,https://www.up.ac.za/yearbooks/2026/THEO-faculty/UG-modules/view/PRT%20422
PRT110,"Practical Theology: Introduction and insertion 110",Theology and Religion,THEO,https://www.up.ac.za/yearbooks/2026/THEO-faculty/UG-modules/view/PRT%20110
PRT111,"Practical Theology: Introduction and insertion 111",Theology and Religion,THEO,https://www.up.ac.za/yearbooks/2026/THEO-faculty/UG-modules/view/PRT%20111
PRT112,"Practical Theology: Introduction and insertion 112",Theology and Religion,THEO,https://www.up.ac.za/yearbooks/2026/THEO-faculty/UG-modules/view/PRT%20112
PRT320,"Practical Theology: Living the faith 320",Theology and Religion,THEO,https://www.up.ac.za/yearbooks/2026/THEO-faculty/UG-modules/view/PRT%20320
PRT321,"Practical Theology: Living the faith 321",Theology and Religion,THEO,https://www.up.ac.za/yearbooks/2026/THEO-faculty/UG-modules/view/PRT%20321
PRT322,"Practical Theology: Living the faith 322",Theology and Religion,THEO,https://www.up.ac.za/yearbooks/2026/THEO-faculty/UG-modules/view/PRT%20322
PRT210,"Practical Theology: Understanding and interpreting I 210",Theology and Religion,THEO,https://www.up.ac.za/yearbooks/2026/THEO-faculty/UG-modules/view/PRT%20210
PRT211,"Practical Theology: Understanding and interpreting I 211",Theology and Religion,THEO,https://www.up.ac.za/yearbooks/2026/THEO-faculty/UG-modules/view/PRT%20211
PRT212,"Practical Theology: Understanding and interpreting I 212",Theology and Religion,THEO,https://www.up.ac.za/yearbooks/2026/THEO-faculty/UG-modules/view/PRT%20212
PRT220,"Practical Theology: Understanding and interpreting II 220",Theology and Religion,THEO,https://www.up.ac.za/yearbooks/2026/THEO-faculty/UG-modules/view/PRT%20220
PRT221,"Practical Theology: Understanding and interpreting II 221",Theology and Religion,THEO,https://www.up.ac.za/yearbooks/2026/THEO-faculty/UG-modules/view/PRT%20221
PRT222,"Practical Theology: Understanding and interpreting II 222",Theology and Religion,THEO,https://www.up.ac.za/yearbooks/2026/THEO-faculty/UG-modules/view/PRT%20222
SRY120,"Religion, scripture and spirituality 120",Theology and Religion,THEO,https://www.up.ac.za/yearbooks/2026/THEO-faculty/UG-modules/view/SRY%20120
NTL400,"Research essay: New Testament and related literature 400",Theology and Religion,THEO,https://www.up.ac.za/yearbooks/2026/THEO-faculty/UG-modules/view/NTL%20400
OTL400,"Research essay: Old Testament and Hebrew Scriptures 400",Theology and Religion,THEO,https://www.up.ac.za/yearbooks/2026/THEO-faculty/UG-modules/view/OTL%20400
PRT400,"Research essay: Practical Theology and Mission Studies 400",Theology and Religion,THEO,https://www.up.ac.za/yearbooks/2026/THEO-faculty/UG-modules/view/PRT%20400
REL400,"Research essay: Religion Studies 400",Theology and Religion,THEO,https://www.up.ac.za/yearbooks/2026/THEO-faculty/UG-modules/view/REL%20400
SHT400,"Research essay: Systematic and Historical Theology 400",Theology and Religion,THEO,https://www.up.ac.za/yearbooks/2026/THEO-faculty/UG-modules/view/SHT%20400
CYE120,"Researching communities 120",Theology and Religion,THEO,https://www.up.ac.za/yearbooks/2026/THEO-faculty/UG-modules/view/CYE%20120
CYE222,"Social and missional entrepreneurship 222",Theology and Religion,THEO,https://www.up.ac.za/yearbooks/2026/THEO-faculty/UG-modules/view/CYE%20222
OTL310,"The Pentateuch 310",Theology and Religion,THEO,https://www.up.ac.za/yearbooks/2026/THEO-faculty/UG-modules/view/OTL%20310
OTL311,"The Pentateuch 311",Theology and Religion,THEO,https://www.up.ac.za/yearbooks/2026/THEO-faculty/UG-modules/view/OTL%20311
OTL312,"The Pentateuch 312",Theology and Religion,THEO,https://www.up.ac.za/yearbooks/2026/THEO-faculty/UG-modules/view/OTL%20312
OTL320,"The Prophets 320",Theology and Religion,THEO,https://www.up.ac.za/yearbooks/2026/THEO-faculty/UG-modules/view/OTL%20320
OTL321,"The Prophets 321",Theology and Religion,THEO,https://www.up.ac.za/yearbooks/2026/THEO-faculty/UG-modules/view/OTL%20321
OTL322,"The Prophets 322",Theology and Religion,THEO,https://www.up.ac.za/yearbooks/2026/THEO-faculty/UG-modules/view/OTL%20322
RSM220,"Theologies of the South 220",Theology and Religion,THEO,https://www.up.ac.za/yearbooks/2026/THEO-faculty/UG-modules/view/RSM%20220
RSM221,"Theologies of the South 221",Theology and Religion,THEO,https://www.up.ac.za/yearbooks/2026/THEO-faculty/UG-modules/view/RSM%20221
RSM222,"Theologies of the South 222",Theology and Religion,THEO,https://www.up.ac.za/yearbooks/2026/THEO-faculty/UG-modules/view/RSM%20222
SHT223,"Theology in history 223",Theology and Religion,THEO,https://www.up.ac.za/yearbooks/2026/THEO-faculty/UG-modules/view/SHT%20223
SHT224,"Theology in history 224",Theology and Religion,THEO,https://www.up.ac.za/yearbooks/2026/THEO-faculty/UG-modules/view/SHT%20224
SHT225,"Theology in history 225",Theology and Religion,THEO,https://www.up.ac.za/yearbooks/2026/THEO-faculty/UG-modules/view/SHT%20225
REL110,"Theory of religion 110",Theology and Religion,THEO,https://www.up.ac.za/yearbooks/2026/THEO-faculty/UG-modules/view/REL%20110
UPO108,"Academic orientation 108",Veterinary Sciences,VET,https://www.up.ac.za/yearbooks/2026/VET-faculty/UG-modules/view/UPO%20108
WMC510,"African wildlife management and conservation 510",Veterinary Sciences,VET,https://www.up.ac.za/yearbooks/2026/VET-faculty/UG-modules/view/WMC%20510
ANV420,"Anaesthesiology 420",Veterinary Sciences,VET,https://www.up.ac.za/yearbooks/2026/VET-faculty/UG-modules/view/ANV%20420
VAP200,"Animal production systems and principles of breeding 200",Veterinary Sciences,VET,https://www.up.ac.za/yearbooks/2026/VET-faculty/UG-modules/view/VAP%20200
CLP410,"Clinical pathology 410",Veterinary Sciences,VET,https://www.up.ac.za/yearbooks/2026/VET-faculty/UG-modules/view/CLP%20410
CVN121,"Clinical veterinary nursing 121",Veterinary Sciences,VET,https://www.up.ac.za/yearbooks/2026/VET-faculty/UG-modules/view/CVN%20121
CVN122,"Clinical veterinary nursing 122",Veterinary Sciences,VET,https://www.up.ac.za/yearbooks/2026/VET-faculty/UG-modules/view/CVN%20122
CVN211,"Clinical veterinary nursing 211",Veterinary Sciences,VET,https://www.up.ac.za/yearbooks/2026/VET-faculty/UG-modules/view/CVN%20211
CVN212,"Clinical veterinary nursing 212",Veterinary Sciences,VET,https://www.up.ac.za/yearbooks/2026/VET-faculty/UG-modules/view/CVN%20212
CVN213,"Clinical veterinary nursing 213",Veterinary Sciences,VET,https://www.up.ac.za/yearbooks/2026/VET-faculty/UG-modules/view/CVN%20213
CVN214,"Clinical veterinary nursing 214",Veterinary Sciences,VET,https://www.up.ac.za/yearbooks/2026/VET-faculty/UG-modules/view/CVN%20214
CVN221,"Clinical veterinary nursing 221",Veterinary Sciences,VET,https://www.up.ac.za/yearbooks/2026/VET-faculty/UG-modules/view/CVN%20221
CVN222,"Clinical veterinary nursing 222",Veterinary Sciences,VET,https://www.up.ac.za/yearbooks/2026/VET-faculty/UG-modules/view/CVN%20222
CVN223,"Clinical veterinary nursing 223",Veterinary Sciences,VET,https://www.up.ac.za/yearbooks/2026/VET-faculty/UG-modules/view/CVN%20223
DIM400,"Diagnostic imaging 400",Veterinary Sciences,VET,https://www.up.ac.za/yearbooks/2026/VET-faculty/UG-modules/view/DIM%20400
DPT401,"Diagnostic pathology 401",Veterinary Sciences,VET,https://www.up.ac.za/yearbooks/2026/VET-faculty/UG-modules/view/DPT%20401
DPT511,"Diagnostic pathology 511",Veterinary Sciences,VET,https://www.up.ac.za/yearbooks/2026/VET-faculty/UG-modules/view/DPT%20511
EQM400,"Equine medicine and surgery 400",Veterinary Sciences,VET,https://www.up.ac.za/yearbooks/2026/VET-faculty/UG-modules/view/EQM%20400
VME310,"Ethnoveterinary medicine 310",Veterinary Sciences,VET,https://www.up.ac.za/yearbooks/2026/VET-faculty/UG-modules/view/VME%20310
SVF110,"Foundational veterinary sciences 110",Veterinary Sciences,VET,https://www.up.ac.za/yearbooks/2026/VET-faculty/UG-modules/view/SVF%20110
SVF120,"Foundational veterinary sciences 120",Veterinary Sciences,VET,https://www.up.ac.za/yearbooks/2026/VET-faculty/UG-modules/view/SVF%20120
GOP300,"General and organ pathology 300",Veterinary Sciences,VET,https://www.up.ac.za/yearbooks/2026/VET-faculty/UG-modules/view/GOP%20300
GNS310,"General surgery 310",Veterinary Sciences,VET,https://www.up.ac.za/yearbooks/2026/VET-faculty/UG-modules/view/GNS%20310
VPH300,"General veterinary pharmacology 300",Veterinary Sciences,VET,https://www.up.ac.za/yearbooks/2026/VET-faculty/UG-modules/view/VPH%20300
IVD300,"Introductory veterinary diagnostics 300",Veterinary Sciences,VET,https://www.up.ac.za/yearbooks/2026/VET-faculty/UG-modules/view/IVD%20300
LPN100,"Nursing professional life 100",Veterinary Sciences,VET,https://www.up.ac.za/yearbooks/2026/VET-faculty/UG-modules/view/LPN%20100
LPN210,"Nursing professional life 210",Veterinary Sciences,VET,https://www.up.ac.za/yearbooks/2026/VET-faculty/UG-modules/view/LPN%20210
LPN300,"Nursing professional life 300",Veterinary Sciences,VET,https://www.up.ac.za/yearbooks/2026/VET-faculty/UG-modules/view/LPN%20300
VOH510,"One health 510",Veterinary Sciences,VET,https://www.up.ac.za/yearbooks/2026/VET-faculty/UG-modules/view/VOH%20510
WDE213,"Pasture science 213",Natural and Agricultural Sciences,SCI,https://www.up.ac.za/yearbooks/2026/SCI-faculty/UG-modules/view/WDE%20213
PHP510,"Porcine health and production 510",Veterinary Sciences,VET,https://www.up.ac.za/yearbooks/2026/VET-faculty/UG-modules/view/PHP%20510
PLY510,"Poultry health and production 510",Veterinary Sciences,VET,https://www.up.ac.za/yearbooks/2026/VET-faculty/UG-modules/view/PLY%20510
PAH110,"Primary animal health care 110",Veterinary Sciences,VET,https://www.up.ac.za/yearbooks/2026/VET-faculty/UG-modules/view/PAH%20110
VKU224,"Principles of animal nutrition 224",Natural and Agricultural Sciences,SCI,https://www.up.ac.za/yearbooks/2026/SCI-faculty/UG-modules/view/VKU%20224
RUM510,"Ruminant medicine and surgery 510",Veterinary Sciences,VET,https://www.up.ac.za/yearbooks/2026/VET-faculty/UG-modules/view/RUM%20510
RUM511,"Ruminant production medicine and herd health 511",Veterinary Sciences,VET,https://www.up.ac.za/yearbooks/2026/VET-faculty/UG-modules/view/RUM%20511
SAS410,"Small animal medicine and surgery 410",Veterinary Sciences,VET,https://www.up.ac.za/yearbooks/2026/VET-faculty/UG-modules/view/SAS%20410
SAS420,"Small animal medicine and surgery 420",Veterinary Sciences,VET,https://www.up.ac.za/yearbooks/2026/VET-faculty/UG-modules/view/SAS%20420
VCA201,"Veterinary comparative anatomy 201",Veterinary Sciences,VET,https://www.up.ac.za/yearbooks/2026/VET-faculty/UG-modules/view/VCA%20201
VCP300,"Veterinary core practice 300",Veterinary Sciences,VET,https://www.up.ac.za/yearbooks/2026/VET-faculty/UG-modules/view/VCP%20300
VCP520,"Veterinary core practice 520",Veterinary Sciences,VET,https://www.up.ac.za/yearbooks/2026/VET-faculty/UG-modules/view/VCP%20520
VCP610,"Veterinary core practice 610",Veterinary Sciences,VET,https://www.up.ac.za/yearbooks/2026/VET-faculty/UG-modules/view/VCP%20610
VCP620,"Veterinary core practice 620",Veterinary Sciences,VET,https://www.up.ac.za/yearbooks/2026/VET-faculty/UG-modules/view/VCP%20620
VEP520,"Veterinary elective practice 520",Veterinary Sciences,VET,https://www.up.ac.za/yearbooks/2026/VET-faculty/UG-modules/view/VEP%20520
VEP610,"Veterinary elective practice 610",Veterinary Sciences,VET,https://www.up.ac.za/yearbooks/2026/VET-faculty/UG-modules/view/VEP%20610
VEP620,"Veterinary elective practice 620",Veterinary Sciences,VET,https://www.up.ac.za/yearbooks/2026/VET-faculty/UG-modules/view/VEP%20620
EPL420,"Veterinary epidemiology 420",Veterinary Sciences,VET,https://www.up.ac.za/yearbooks/2026/VET-faculty/UG-modules/view/EPL%20420
VET202,"Veterinary ethology 202",Veterinary Sciences,VET,https://www.up.ac.za/yearbooks/2026/VET-faculty/UG-modules/view/VET%20202
VIM220,"Veterinary immunology 220",Veterinary Sciences,VET,https://www.up.ac.za/yearbooks/2026/VET-faculty/UG-modules/view/VIM%20220
VIP300,"Veterinary infectious diseases 300",Veterinary Sciences,VET,https://www.up.ac.za/yearbooks/2026/VET-faculty/UG-modules/view/VIP%20300
VEM210,"Veterinary microbiology 210",Veterinary Sciences,VET,https://www.up.ac.za/yearbooks/2026/VET-faculty/UG-modules/view/VEM%20210
PVN110,"Veterinary nursing practice 110",Veterinary Sciences,VET,https://www.up.ac.za/yearbooks/2026/VET-faculty/UG-modules/view/PVN%20110
PVN120,"Veterinary nursing practice 120",Veterinary Sciences,VET,https://www.up.ac.za/yearbooks/2026/VET-faculty/UG-modules/view/PVN%20120
PVN200,"Veterinary nursing practice 200",Veterinary Sciences,VET,https://www.up.ac.za/yearbooks/2026/VET-faculty/UG-modules/view/PVN%20200
PVN300,"Veterinary nursing practice 300",Veterinary Sciences,VET,https://www.up.ac.za/yearbooks/2026/VET-faculty/UG-modules/view/PVN%20300
VTP300,"Veterinary parasitology 300",Veterinary Sciences,VET,https://www.up.ac.za/yearbooks/2026/VET-faculty/UG-modules/view/VTP%20300
VPH200,"Veterinary physiology and histology 200",Veterinary Sciences,VET,https://www.up.ac.za/yearbooks/2026/VET-faculty/UG-modules/view/VPH%20200
VPL101,"Veterinary professional life 101",Veterinary Sciences,VET,https://www.up.ac.za/yearbooks/2026/VET-faculty/UG-modules/view/VPL%20101
VPL122,"Veterinary professional life 122",Veterinary Sciences,VET,https://www.up.ac.za/yearbooks/2026/VET-faculty/UG-modules/view/VPL%20122
VPL201,"Veterinary professional life 201",Veterinary Sciences,VET,https://www.up.ac.za/yearbooks/2026/VET-faculty/UG-modules/view/VPL%20201
VPL301,"Veterinary professional life 301",Veterinary Sciences,VET,https://www.up.ac.za/yearbooks/2026/VET-faculty/UG-modules/view/VPL%20301
VPL401,"Veterinary professional life 401",Veterinary Sciences,VET,https://www.up.ac.za/yearbooks/2026/VET-faculty/UG-modules/view/VPL%20401
VPL511,"Veterinary professional life 511",Veterinary Sciences,VET,https://www.up.ac.za/yearbooks/2026/VET-faculty/UG-modules/view/VPL%20511
VPH510,"Veterinary public health 510",Veterinary Sciences,VET,https://www.up.ac.za/yearbooks/2026/VET-faculty/UG-modules/view/VPH%20510
VRP400,"Veterinary reproduction 400",Veterinary Sciences,VET,https://www.up.ac.za/yearbooks/2026/VET-faculty/UG-modules/view/VRP%20400
VRE520,"Veterinary research report 520",Veterinary Sciences,VET,https://www.up.ac.za/yearbooks/2026/VET-faculty/UG-modules/view/VRE%20520
VRE600,"Veterinary research report 600",Veterinary Sciences,VET,https://www.up.ac.za/yearbooks/2026/VET-faculty/UG-modules/view/VRE%20600
TOX300,"Veterinary toxicology 300",Veterinary Sciences,VET,https://www.up.ac.za/yearbooks/2026/VET-faculty/UG-modules/view/TOX%20300
GAD310,"Building personal mastery 310",Gordon Institute of Business Science,GIBS,https://www.up.ac.za/yearbooks/2026/GIBS-faculty/UG-modules/view/GAD%20310
GAD328,"Building relationships and alliances 328",Gordon Institute of Business Science,GIBS,https://www.up.ac.za/yearbooks/2026/GIBS-faculty/UG-modules/view/GAD%20328
GAD327,"Business model design and development 327",Gordon Institute of Business Science,GIBS,https://www.up.ac.za/yearbooks/2026/GIBS-faculty/UG-modules/view/GAD%20327
GAD303,"Business strategy 303",Gordon Institute of Business Science,GIBS,https://www.up.ac.za/yearbooks/2026/GIBS-faculty/UG-modules/view/GAD%20303
GAD316,"Customer centricity 316",Gordon Institute of Business Science,GIBS,https://www.up.ac.za/yearbooks/2026/GIBS-faculty/UG-modules/view/GAD%20316
GAD320,"Decision making 320",Gordon Institute of Business Science,GIBS,https://www.up.ac.za/yearbooks/2026/GIBS-faculty/UG-modules/view/GAD%20320
GAD323,"Economics 323",Gordon Institute of Business Science,GIBS,https://www.up.ac.za/yearbooks/2026/GIBS-faculty/UG-modules/view/GAD%20323
GAD326,"Funding the impact enterprise 326",Gordon Institute of Business Science,GIBS,https://www.up.ac.za/yearbooks/2026/GIBS-faculty/UG-modules/view/GAD%20326
GAD308,"Governance and ethics 308",Gordon Institute of Business Science,GIBS,https://www.up.ac.za/yearbooks/2026/GIBS-faculty/UG-modules/view/GAD%20308
GAD314,"Human resource strategy 314",Gordon Institute of Business Science,GIBS,https://www.up.ac.za/yearbooks/2026/GIBS-faculty/UG-modules/view/GAD%20314
GAD319,"Information technology 319",Gordon Institute of Business Science,GIBS,https://www.up.ac.za/yearbooks/2026/GIBS-faculty/UG-modules/view/GAD%20319
GAD311,"Innovation, technology and knowledge management 311",Gordon Institute of Business Science,GIBS,https://www.up.ac.za/yearbooks/2026/GIBS-faculty/UG-modules/view/GAD%20311
GAD306,"Integrated action learning report 306",Gordon Institute of Business Science,GIBS,https://www.up.ac.za/yearbooks/2026/GIBS-faculty/UG-modules/view/GAD%20306
GAD324,"Integrated simulation 324",Gordon Institute of Business Science,GIBS,https://www.up.ac.za/yearbooks/2026/GIBS-faculty/UG-modules/view/GAD%20324
GAD312,"Leading change 312",Gordon Institute of Business Science,GIBS,https://www.up.ac.za/yearbooks/2026/GIBS-faculty/UG-modules/view/GAD%20312
GAD300,"Mastering the business environment 300",Gordon Institute of Business Science,GIBS,https://www.up.ac.za/yearbooks/2026/GIBS-faculty/UG-modules/view/GAD%20300
GAD330,"Monitoring and evaluation 330",Gordon Institute of Business Science,GIBS,https://www.up.ac.za/yearbooks/2026/GIBS-faculty/UG-modules/view/GAD%20330
GAD305,"Operational effectiveness 305",Gordon Institute of Business Science,GIBS,https://www.up.ac.za/yearbooks/2026/GIBS-faculty/UG-modules/view/GAD%20305
GAD317,"Organisational behaviour 317",Gordon Institute of Business Science,GIBS,https://www.up.ac.za/yearbooks/2026/GIBS-faculty/UG-modules/view/GAD%20317
GAD322,"Organisational risk 322",Gordon Institute of Business Science,GIBS,https://www.up.ac.za/yearbooks/2026/GIBS-faculty/UG-modules/view/GAD%20322
GAD329,"Scaling the impact enterprise 329",Gordon Institute of Business Science,GIBS,https://www.up.ac.za/yearbooks/2026/GIBS-faculty/UG-modules/view/GAD%20329
GAD325,"Social and green entrepreneurship: origins and nature; future directions 325",Gordon Institute of Business Science,GIBS,https://www.up.ac.za/yearbooks/2026/GIBS-faculty/UG-modules/view/GAD%20325
GAD313,"Strategic entrepreneurship 313",Gordon Institute of Business Science,GIBS,https://www.up.ac.za/yearbooks/2026/GIBS-faculty/UG-modules/view/GAD%20313
GAD301,"Strategic financial management 301",Gordon Institute of Business Science,GIBS,https://www.up.ac.za/yearbooks/2026/GIBS-faculty/UG-modules/view/GAD%20301
GAD302,"Strategic leadership and management 302",Gordon Institute of Business Science,GIBS,https://www.up.ac.za/yearbooks/2026/GIBS-faculty/UG-modules/view/GAD%20302
GAD304,"Strategic marketing 304",Gordon Institute of Business Science,GIBS,https://www.up.ac.za/yearbooks/2026/GIBS-faculty/UG-modules/view/GAD%20304
GAD307,"Strategic project management 307",Gordon Institute of Business Science,GIBS,https://www.up.ac.za/yearbooks/2026/GIBS-faculty/UG-modules/view/GAD%20307
GAD309,"Strategic sales 309",Gordon Institute of Business Science,GIBS,https://www.up.ac.za/yearbooks/2026/GIBS-faculty/UG-modules/view/GAD%20309
GAD315,"Sustainability 315",Gordon Institute of Business Science,GIBS,https://www.up.ac.za/yearbooks/2026/GIBS-faculty/UG-modules/view/GAD%20315
GAD318,"Transformation 318",Gordon Institute of Business Science,GIBS,https://www.up.ac.za/yearbooks/2026/GIBS-faculty/UG-modules/view/GAD%20318
GAD321,"Women in leadership 321",Gordon Institute of Business Science,GIBS,https://www.up.ac.za/yearbooks/2026/GIBS-faculty/UG-modules/view/GAD%20321